is_reliable,survey_date,latitude,longitude,lat_lng_accuracy,total_count,vic_x,vic_y,within_built_up_area,within_forest_u2,within_water_area,within_public_land_su3,jan_rainfaull,jan_max_temp,july_rainfall,july_max_temp,LandSat_1,LandSat_2,LandSat_3,LandSat_4,LandSat_5,LandSat_6,LandSat_7,LandSat_8
True,16/FEB/1999,-38.06222,147.55722,15,,2724394,2379103,False,False,False,True,270.9011,22.0989,68.9011,16.0989,1914.2604,1494.1016,1.286683,1.1655681,1.2860017,1.167321,1.2471685,1.1292858
True,12/MAY/1999,-38.05917,147.55528,15,,2724233,2379446,False,False,False,True,269.6445,23.5934,67.5676,17.4322,1939.4587,1601.5015,1.2906394,1.1809345,1.2798228,1.1779299,1.2587156,1.1530523
True,13/MAY/1999,-38.15,147.4225,15,,2712327,2369672,False,True,False,True,269.3766,19.6234,68.3504,14.6234,1645.4373,1502.401,1.2535503,1.1831787,1.2558191,1.1838151,1.2581497,1.1825593
True,15/OCT/1999,-38.075,147.53083,15,,2722041,2377747,False,False,False,True,270.5498,22.4502,68.5498,16.4316,1754.2401,1454.3285,1.2743353,1.1740339,1.2736764,1.1749978,1.280579,1.1754655
True,02/NOV/2009,-37.03861,142.37806,5,,2266799,2492504,False,False,False,False,316.2646,-7.2646,70.0873,47.685,1884.016,2047.125,1.2405043,1.2098173,1.2349063,1.2083544,1.2287543,1.2053452
True,30/MAR/2011,-38.2469,147.2089,100,,2693359,2359374,False,False,False,True,267.3532,15.7268,66.2732,14.1163,1799.4281,1493.0275,1.2757756,1.1801233,1.2739646,1.1829361,1.2752547,1.1859953
True,05/MAY/2011,-37.48465,141.93557,100,,2229049,2441858,False,False,False,False,278.641,7.9836,56.6403,58.7035,1723.9781,1412.5,1.253332,1.1659753,1.2660822,1.1756402,1.2730055,1.1870577
True,06/JAN/2012,-37.28368,144.64453,100,,2468481,2468462,False,False,False,False,282.4818,6.5773,57.0211,52.709,2139.4297,1652.6161,1.2949605,1.1787858,1.2858018,1.188553,1.2612551,1.1976275
True,10/SEP/2012,-36.530694,141.0125,50,,2143043,2544596,False,True,False,True,317.3975,-5.3975,68.3975,35.6025,1815.3492,2377.744,1.1971047,1.2052313,1.1989983,1.2063171,1.1978314,1.2050322
True,31/OCT/2017,-38.15514,141.2903,5,,2174921,2365469,False,True,False,True,250.6205,6.5616,78.5668,88.4529,2159.046,1129.6232,1.3491765,1.1450641,1.3369484,1.150211,1.3319615,1.1562717
True,02/NOV/2017,-37.20388,142.34239,5,,2264139,2474084,False,True,False,True,310.8436,-5.8436,70.8436,49.1586,1578.2627,1621.4088,1.2226356,1.1926562,1.2287633,1.1894172,1.2365991,1.1903799
True,30/OCT/2017,-37.77459,141.45338,5,,2187631,2408223,False,True,False,True,272.4893,0.9171,72.3369,64.6631,2091.229,1217.3615,1.3362236,1.1642822,1.3138276,1.178054,1.3074666,1.1825691
True,09/APR/2008,-38.06222,147.55333,15,,2724053,2379113,False,False,False,True,270.2956,22.7044,68.2956,16.7044,2003.1338,1701.6174,1.2683107,1.1663067,1.2746955,1.1666404,1.2733163,1.1625892
True,18/FEB/1999,-38.18528,147.37222,15,,2707823,2365868,False,True,False,True,269.2934,17.7768,68.2934,14.5717,1827.3174,1539.0985,1.2787402,1.1859851,1.2675576,1.1896392,1.2607139,1.1921079
True,18/MAR/1999,-38.11806,147.4675,15,,2716362,2373115,False,True,False,True,269.8985,21.1633,68.4752,15.5248,1693.9762,1458.0248,1.2648376,1.1773429,1.2665052,1.1778927,1.2644798,1.1776239
True,11/MAY/1999,-38.05861,147.55583,15,,2724283,2379507,False,False,False,True,269.4704,23.9959,67.4432,17.535,1947.9408,1695.6364,1.2839154,1.1840994,1.2802263,1.1805131,1.2482798,1.1457697
True,14/OCT/1999,-38.07583,147.53167,15,,2722112,2377653,False,False,False,True,270.4011,22.5989,68.4011,16.5989,1764.96,1499.1835,1.273715,1.1774508,1.2732636,1.1757718,1.2812675,1.1741793
True,14/OCT/1999,-38.07444,147.53111,15,,2722067,2377809,False,False,False,True,270.4395,22.5605,68.4395,16.5604,1723.3773,1459.1553,1.2696575,1.1761353,1.2702303,1.1756669,1.2790967,1.1752217
True,07/DEC/2000,-38.1225,147.46611,15,,2716228,2372625,False,True,False,True,269.4932,20.5071,68.4929,15.5071,1728.7079,1490.1428,1.2666037,1.1807393,1.2639961,1.180459,1.26567,1.1711078
True,01/NOV/2010,-36.97667,142.38722,5,,2267425,2499396,False,True,False,False,312.5768,-3.7196,64.7196,49.7307,1780.8861,1534.0166,1.2625587,1.1845163,1.2615004,1.1754205,1.2323042,1.1671104
True,07/APR/2011,-37.70313,144.04677,100,,2415946,2421552,False,True,False,True,271.3718,13.2451,59.7445,31.6408,2119.7957,1528.096,1.3069686,1.1800499,1.3103063,1.1768197,1.3154013,1.1747752
True,02/DEC/2008,-37.239934,142.297056,10,,2260231,2469972,False,True,False,True,283.613,10.864,53.1558,74.109,1928.3268,1450.0802,1.2892619,1.180263,1.2839359,1.1768318,1.2611285,1.1664348
True,31/OCT/2017,-38.06863,141.2735,5,,2173074,2375006,False,True,False,True,260.4325,3.5668,81.4191,77.8418,2158.0884,1173.0083,1.3453648,1.1469679,1.3560011,1.1469908,1.3529154,1.1452104
True,23/FEB/1999,-37.38667,141.08833,15,,2153728,2449978,False,False,False,False,291.366,-3.3541,72.3541,59.6459,1941.6158,1704.4214,1.2709326,1.183921,1.2777127,1.1735687,1.2917391,1.1659627
True,09/APR/2008,-38.06278,147.55167,15,,2723905,2379054,False,False,False,True,270.5244,22.4756,68.5244,16.4756,1841.364,1475.9462,1.2757927,1.1684494,1.2733823,1.1697998,1.2769477,1.1664833
True,10/DEC/1998,-38.07167,147.52472,15,,2721515,2378131,False,False,False,True,271.5871,22.2461,68.7539,15.2506,1846.6594,1483.7706,1.2896104,1.1806625,1.2879266,1.1785601,1.2806462,1.1740521
True,22/JAN/1999,-38.15528,147.42389,15,,2712434,2369083,False,False,False,True,268.9297,20.0703,67.9297,15.0705,1731.4827,1447.065,1.2712017,1.1796387,1.263401,1.1791983,1.2684191,1.1770247
True,03/FEB/1999,-38.12611,147.45333,15,,2715097,2372254,False,True,False,True,267.1732,23.0691,65.3947,18.0691,1683.0188,1476.4698,1.2633008,1.1824464,1.2613146,1.1839261,1.2613198,1.1800735
True,16/FEB/1999,-38.06194,147.55806,15,,2724468,2379133,False,False,False,True,270.578,22.4266,68.5734,16.4266,1943.5714,1480.4487,1.2973659,1.1689904,1.2865736,1.1683885,1.2411652,1.120762
True,15/MAY/1999,-38.15083,147.4225,15,,2712325,2369580,False,True,False,True,269.4441,19.556,68.4432,14.556,1664.171,1518.7687,1.2551798,1.1838996,1.2561741,1.1833704,1.2585118,1.1823114
True,07/DEC/2000,-38.12333,147.46778,15,,2716372,2372530,False,True,False,True,269.2974,20.7026,68.2974,15.7026,1713.2778,1508.918,1.2619312,1.1815046,1.2681967,1.1801484,1.2590936,1.1588124
True,08/SEP/2014,-37.56436,145.256035,125,,2522618,2437343,False,False,False,False,295.4024,15.86,76.6622,30.7789,1854.6261,1682.9553,1.2498283,1.1782905,1.2477849,1.190568,1.2554108,1.197194
True,24/NOV/2016,-38.171207,147.392783,3,,2709664,2367385,False,True,False,True,268.5803,19.4197,67.5803,15.4197,1673.6566,1536.8871,1.2579048,1.1895635,1.2588532,1.1831051,1.2616824,1.1837109
True,24/NOV/2016,-38.162852,147.406265,4,,2710868,2368282,False,True,False,True,269.62,19.3795,68.62,14.38,1656.3289,1571.8142,1.2484462,1.186903,1.2532666,1.1863209,1.262577,1.1843126
True,02/NOV/2017,-37.20388,142.34239,5,,2264139,2474084,False,True,False,True,310.8436,-5.8436,70.8436,49.1586,1578.2627,1621.4088,1.2226356,1.1926562,1.2287633,1.1894172,1.2365991,1.1903799
True,05/DEC/1998,-38.19861,141.88056,15,,2226783,2362501,False,False,False,False,265.5481,-2.7628,91.7264,55.9203,2347.9692,1270.6487,1.3703003,1.1586989,1.3361336,1.1749852,1.3269259,1.1788588
True,09/DEC/1998,-38.07056,147.52444,15,,2721494,2378255,False,False,False,True,271.7901,22.2094,68.7906,15.2183,1818.0388,1449.8807,1.2861758,1.1792116,1.2832034,1.1769269,1.2801721,1.1730499
True,20/JAN/1999,-38.06944,147.51778,15,,2720913,2378395,False,False,False,True,271.5057,22.4943,68.5017,15.4943,1685.0803,1276.7412,1.2653557,1.1518588,1.2798218,1.1608778,1.2879765,1.1704103
True,01/FEB/1999,-38.15583,147.4225,15,,2712311,2369025,False,False,False,True,269.1413,19.8587,68.1413,14.86,1698.8778,1448.1791,1.2654154,1.1793112,1.2631176,1.1789267,1.2685807,1.1766171
True,21/JAN/1999,-38.15444,147.42222,15,,2712290,2369180,False,True,False,True,269.4618,19.5382,68.4616,14.5478,1847.6381,1652.8276,1.2688324,1.1858598,1.2593474,1.1829697,1.2636896,1.179998
True,18/MAR/1999,-38.12333,147.4675,15,,2716347,2372530,False,True,False,True,269.3731,20.6269,68.3731,15.6269,1724.9233,1509.8563,1.2647033,1.1818533,1.2672467,1.1808046,1.262639,1.1643975
True,22/NOV/1999,-38.12556,147.445,15,,2714368,2372334,False,True,False,True,270.3535,20.6465,67.3535,15.6465,1778.6008,1752.6127,1.2385181,1.1699129,1.249845,1.1817594,1.2583233,1.1823398
True,03/OCT/2000,-38.18111,147.3825,15,,2708735,2366308,False,False,False,True,268.9489,19.0345,67.9655,15.0345,1702.6399,1521.767,1.2638743,1.1863322,1.2660309,1.1867676,1.2698846,1.1854717
True,26/MAY/2011,-36.80088,144.98338,100,,2498516,2522094,False,True,False,True,325.5194,-1.5194,67.5194,20.4806,1777.1075,1896.4905,1.2222189,1.1978419,1.2312188,1.1978449,1.234908,1.1992067
True,02/NOV/2017,-37.20388,142.34239,5,,2264139,2474084,False,True,False,True,310.8436,-5.8436,70.8436,49.1586,1578.2627,1621.4088,1.2226356,1.1926562,1.2287633,1.1894172,1.2365991,1.1903799
True,02/NOV/2017,-37.11143,142.3898,5,,2268065,2484455,False,True,False,True,296.3175,4.72,59.2199,71.0817,1919.3878,1460.8514,1.2690175,1.1607654,1.2665399,1.1577636,1.2627751,1.162824
True,22/OCT/2008,-37.38556,144.57361,15,,2462243,2457131,False,True,False,True,250.8825,26.1215,43.5348,76.5078,1463.7426,746.65643,1.2501259,1.10372,1.2975949,1.1007805,1.3322928,1.1113861
True,18/JAN/1999,-38.07028,147.5175,15,,2720886,2378302,False,False,False,True,271.5924,22.4076,68.5923,15.4076,1712.5878,1306.7522,1.2727408,1.1594431,1.2816583,1.1638957,1.2882305,1.1711944
True,18/JAN/1999,-38.07028,147.51778,15,,2720910,2378301,False,False,False,True,271.5924,22.4076,68.5923,15.4076,1712.5878,1306.7522,1.2727408,1.1594431,1.2816583,1.1638957,1.2882305,1.1711944
True,03/FEB/1999,-38.12611,147.45222,15,,2715000,2372256,False,True,False,True,267.4224,23.0308,65.4888,18.0308,1682.8566,1477.5542,1.2645316,1.1832379,1.2606336,1.1844832,1.2609117,1.1805842
True,20/MAR/1999,-38.1225,147.46722,15,,2716325,2372623,False,True,False,True,269.5018,20.4982,68.5018,15.4982,1728.3315,1493.3514,1.2629453,1.1795129,1.2655083,1.1799145,1.2644968,1.1679397
True,05/MAY/2011,-37.33725,142.221,100,,2253801,2458983,False,True,False,True,299.732,-0.7962,66.7992,45.5869,1859.6017,1555.173,1.262839,1.1722354,1.2676845,1.1753677,1.2614596,1.1763599
True,26/APR/2011,-37.40901,144.66647,100,,2470475,2454562,False,True,False,False,271.078,16.8773,54.3721,53.4719,1553.8364,871.67303,1.2598671,1.1177691,1.284304,1.1203357,1.3251879,1.1456695
False,11/OCT/2011,-36.78874,144.350473,5,,2442033,2523243,False,True,False,False,322.6976,-2.6624,59.6976,28.3376,1938.4834,2314.673,1.1956571,1.1876253,1.2093607,1.1933603,1.2206539,1.1896665
True,02/NOV/2017,-37.17939,142.36821,5,,2266355,2476864,False,True,False,True,305.7296,1.6089,65.7296,59.2689,1919.745,1685.0446,1.266683,1.1922289,1.2622403,1.1882898,1.2531459,1.1916189
True,17/FEB/1999,-37.15306,141.13528,15,,2156830,2476049,False,True,False,True,301.5691,-4.5691,70.5691,53.4067,1889.669,1847.0864,1.2473848,1.1919745,1.2389226,1.2011914,1.229315,1.2085211
True,25/SEP/2008,-37.42306,144.62611,150,,2466908,2452989,False,True,False,False,272.8143,17.2345,54.2336,50.6033,1884.6296,1287.2021,1.2868066,1.1619551,1.2923679,1.1613802,1.2974721,1.1646281
True,17/FEB/1999,-38.06361,147.55667,15,,2724342,2378950,False,False,False,True,270.2012,22.7988,68.2012,16.7988,1826.7454,1379.5334,1.288439,1.1674176,1.2879508,1.1653341,1.2387004,1.1158382
True,17/FEB/1999,-38.06278,147.55806,15,,2724466,2379039,False,False,False,True,271.0231,21.9769,69.0231,15.9769,1908.2817,1376.0883,1.304314,1.1687452,1.2909642,1.1660768,1.2332401,1.1094767
True,15/MAY/1999,-38.15028,147.42333,15,,2712399,2369639,False,True,False,True,269.4138,19.5862,68.4125,14.5862,1740.8977,1594.3931,1.2546885,1.1798911,1.2587616,1.1832061,1.2591032,1.1823201
True,20/NOV/2012,-36.9787,142.33347,5,,2262648,2499039,False,False,False,False,314.1029,-3.601,64.5776,42.9476,1978.0667,2623.7625,1.1998627,1.213849,1.2030694,1.2109038,1.2019488,1.2095075
False,01/MAR/2005,-38.3433,144.16611,5,,2427092,2350596,False,True,False,True,264.5641,2.4453,86.4559,34.8756,1888.3156,1798.996,1.2657194,1.2050812,1.2631512,1.1868055,1.2725424,1.1847693
True,15/JUN/2011,-36.86348,147.62794,100,,2734270,2511914,False,True,False,False,290.8192,23.7368,34.8853,67.1771,2052.423,1614.1035,1.2958376,1.1819857,1.3006233,1.1897781,1.3063916,1.1837748
True,20/MAY/2011,-37.17417,141.12997,100,,2156454,2473689,False,False,False,False,298.5099,-2.6934,68.6934,56.3066,1780.961,1766.9846,1.245194,1.19916,1.242289,1.2006551,1.2502669,1.1975698
True,20/MAY/2011,-36.9821,141.05782,100,,2149171,2494721,False,False,False,False,307.3637,-4.3431,70.3637,47.789,2049.8413,2144.2986,1.2333224,1.1847669,1.2352276,1.1783905,1.2330178,1.1815655
True,24/APR/2017,-37.980725,145.033374,10,,2502932,2391163,True,False,False,False,282.1973,16.8021,81.1979,28.8021,2176.5813,1547.7906,1.309363,1.150146,1.2917733,1.1467718,1.2978556,1.1463298
True,24/NOV/2016,-38.147357,147.396352,3,,2710043,2370023,False,False,False,True,269.8887,20.1113,66.8887,15.1113,1863.1533,1575.1747,1.2821562,1.189035,1.2725972,1.1903901,1.266876,1.1956264
True,31/OCT/2017,-38.15514,141.2903,5,,2174921,2365469,False,True,False,True,250.6205,6.5616,78.5668,88.4529,2159.046,1129.6232,1.3491765,1.1450641,1.3369484,1.150211,1.3319615,1.1562717
True,06/FEB/1999,-38.035,141.27778,15,,2173303,2378751,False,True,False,True,263.6075,2.6916,81.6779,74.7809,1828.1947,1091.7103,1.291106,1.1348654,1.2995768,1.1377879,1.3123684,1.1536753
True,21/JAN/1999,-37.11444,141.50389,15,,2189388,2481597,False,True,False,True,304.6227,-4.6227,67.0113,46.3773,1958.3514,2164.1777,1.2335042,1.2060009,1.2389874,1.2028695,1.234858,1.2005609
True,24/JAN/1999,-37.24917,141.37806,15,,2178783,2466240,False,False,False,False,295.5633,-2.5633,66.5633,54.614,1802.5651,1666.5635,1.2534151,1.1898526,1.2618188,1.1871748,1.2603623,1.1914812
True,21/FEB/1999,-37.35639,141.3775,15,,2179186,2454348,False,True,False,True,290.377,-1.377,66.377,57.3048,1870.5496,1460.771,1.2789129,1.180706,1.2792522,1.1828758,1.2754666,1.1856773
True,16/FEB/1999,-38.06194,147.55833,15,,2724492,2379132,False,False,False,True,270.578,22.4266,68.5734,16.4266,1943.5714,1480.4487,1.2973659,1.1689904,1.2865736,1.1683885,1.2411652,1.120762
True,17/FEB/1999,-38.06361,147.55694,15,,2724365,2378950,False,False,False,True,270.2012,22.7988,68.2012,16.7988,1826.7454,1379.5334,1.288439,1.1674176,1.2879508,1.1653341,1.2387004,1.1158382
True,16/SEP/1999,-38.10889,147.46694,15,,2716339,2374134,False,True,False,True,270.3384,21.6616,67.3384,15.6616,1676.6538,1438.973,1.264563,1.1799706,1.2574075,1.178628,1.259706,1.1790584
True,23/NOV/1999,-38.12667,147.44361,15,,2714243,2372214,False,True,False,True,270.3318,20.6413,67.3587,15.6413,1620.8744,1529.5138,1.2497133,1.1878041,1.2509922,1.1829572,1.2594674,1.1822642
True,04/OCT/2000,-38.18194,147.38333,15,,2708806,2366214,False,False,False,True,268.7522,18.8292,68.1708,14.8292,1732.1099,1555.4841,1.2632849,1.1871607,1.2639661,1.1862715,1.2712737,1.185746
True,02/OCT/2012,-37.7137,145.2818,5,,2524845,2420763,False,False,False,False,298.7238,12.4899,82.9518,23.1417,1613.7244,1233.0413,1.2353325,1.1347808,1.2746704,1.1695565,1.2740046,1.1771818
True,11/NOV/2008,-37.41272,144.66316,100,,2470183,2454149,False,True,False,False,267.6348,17.9579,53.5392,55.8472,1955.5824,1241.3676,1.3059667,1.1609368,1.3196628,1.163142,1.3303355,1.1498424
True,17/DEC/2011,-38.25214,147.20848,100,,2693309,2358793,False,False,False,True,266.2603,16.8806,65.5464,15.4514,1821.644,1560.3472,1.2771373,1.1866797,1.2758424,1.1852559,1.2764134,1.1867651
True,19/MAY/2011,-37.64138,141.2233,100,,2166791,2422216,False,True,False,True,278.7689,1.2925,71.7152,63.6994,2056.97,1893.094,1.2701118,1.1917992,1.2641251,1.195889,1.2428921,1.199298
True,21/JUN/2011,-37.70613,143.61918,100,,2378250,2420757,False,True,False,False,292.0604,0.7309,68.178,23.8956,2020.9177,1505.2452,1.2919859,1.1717619,1.2979019,1.1774596,1.2816203,1.1841209
True,29/AUG/2016,-38.428297,145.537447,3,,2546936,2341346,False,False,False,False,265.2238,21.7763,81.2487,64.4313,2152.1128,1274.1104,1.338363,1.1595054,1.3342514,1.1785483,1.3352771,1.1749635
True,08/SEP/2016,-37.35619,142.027568,2,,2236735,2456365,False,True,False,True,308.9562,-13.5941,78.5357,31.457,1820.236,2021.0176,1.2267573,1.2085836,1.2297235,1.2037467,1.2341114,1.2051555
True,29/SEP/2017,-37.807268,145.20517,10,,2518066,2410396,True,False,False,False,289.6635,20.717,80.9629,34.1733,2085.442,1367.4,1.3289022,1.1691611,1.3062894,1.1614846,1.2969384,1.1536176
True,02/NOV/2017,-37.11143,142.3898,5,,2268065,2484455,False,True,False,True,296.3175,4.72,59.2199,71.0817,1919.3878,1460.8514,1.2690175,1.1607654,1.2665399,1.1577636,1.2627751,1.162824
True,02/NOV/2017,-37.18028,142.31364,5,,2261515,2476630,False,True,False,True,305.3706,-0.119,65.119,53.8821,1745.2303,1747.7997,1.2378219,1.1924355,1.2391951,1.1921446,1.2353796,1.1900651
True,11/JAN/1999,-38.05167,141.28278,15,,2173814,2376919,False,True,False,True,259.678,5.2933,79.2991,78.6449,2105.3687,1240.8347,1.3263148,1.143183,1.3294789,1.1467286,1.3209753,1.1583905
True,08/APR/2008,-38.06361,147.55639,15,,2724317,2378951,False,False,False,True,270.2012,22.7988,68.2012,16.7988,1826.7454,1379.5334,1.288439,1.1674176,1.2879508,1.1653341,1.2387004,1.1158382
True,16/MAR/1999,-38.18389,147.37361,15,,2707949,2366019,False,True,False,True,269.1529,18.2847,68.1529,14.6878,1891.2562,1589.5767,1.2796425,1.1806749,1.271124,1.1915226,1.2606249,1.1900233
True,16/SEP/1999,-38.10889,147.4675,15,,2716389,2374133,False,True,False,True,270.5729,21.4271,67.5729,15.4271,1659.8531,1438.9692,1.2614582,1.1794088,1.2578204,1.1786473,1.2597272,1.1789788
True,16/SEP/1999,-38.10944,147.46778,15,,2716412,2374071,False,True,False,True,270.6283,21.3717,67.6283,15.3717,1616.4049,1432.3804,1.2551502,1.1796376,1.256432,1.1788735,1.2594885,1.1788505
True,15/SEP/1999,-38.10861,147.46611,15,,2716268,2374167,False,True,False,True,270.0942,21.9058,67.0942,15.9058,1654.5979,1435.8584,1.2613893,1.1794707,1.2571772,1.1789522,1.2595863,1.1791629
True,26/OCT/1999,-38.05694,147.5525,15,,2723996,2379700,False,False,False,True,268.5607,25.1275,66.4,18.5599,1995.8695,1655.7405,1.2966808,1.1806046,1.2851962,1.1792228,1.1955417,1.1062795
True,03/OCT/2000,-38.18111,147.3825,15,,2708735,2366308,False,False,False,True,268.9489,19.0345,67.9655,15.0345,1702.6399,1521.767,1.2638743,1.1863322,1.2660309,1.1867676,1.2698846,1.1854717
True,04/MAY/2011,-37.34543,142.02705,100,,2236652,2457557,False,False,False,True,308.1832,-11.9426,76.9277,32.3671,1804.4247,1973.8702,1.2239494,1.2012005,1.2274635,1.2044306,1.2328638,1.2097466
True,16/NOV/2011,-37.44159,143.42188,100,,2360368,2449841,False,False,False,False,294.8232,-0.7964,65.7939,26.2547,2021.9948,1754.3029,1.2768588,1.1933877,1.2771258,1.1915691,1.2737176,1.190264
True,15/OCT/2009,-36.788254,144.339632,5,,2441065,2523290,False,True,False,False,326.8892,-5.9839,63.471,25.0183,1811.9888,1941.9923,1.2240689,1.1996338,1.2253009,1.1993866,1.2245739,1.1902232
True,07/SEP/2016,-37.353206,142.031705,3,,2237091,2456707,False,True,False,True,307.226,-11.226,76.226,33.427,1852.1158,1996.8619,1.2355186,1.2087607,1.2377181,1.2079939,1.2370491,1.2067485
True,19/JAN/1999,-38.07056,147.51778,15,,2720909,2378270,False,False,False,True,271.4984,22.5017,68.4983,15.5017,1712.5878,1306.7522,1.2727408,1.1594431,1.2816583,1.1638957,1.2882305,1.1711944
True,17/MAR/1999,-38.18472,147.37361,15,,2707947,2365927,False,False,False,True,269.4121,17.9624,68.4121,14.5089,1804.4368,1542.8756,1.2759231,1.1857882,1.2702678,1.1907077,1.2610838,1.1907383
True,12/OCT/1999,-38.105,147.4775,15,,2717277,2374541,False,True,False,True,270.5214,21.4786,67.9285,15.4786,1619.7957,1435.1559,1.2571882,1.1831435,1.2542192,1.1814547,1.2614374,1.1794115
True,24/NOV/1999,-38.12639,147.44333,15,,2714220,2372245,False,True,False,True,270.3838,20.6157,67.3843,15.6157,1620.8744,1529.5138,1.2497133,1.1878041,1.2509922,1.1829572,1.2594674,1.1822642
True,02/OCT/2012,-37.6904,145.29947,5,,2526411,2423344,False,True,False,False,288.6613,22.4045,78.2019,41.1387,1835.7014,1478.4037,1.2684224,1.1699281,1.2754604,1.1700736,1.2746679,1.1673243
True,01/AUG/2015,-37.6679,145.15768,50,,2513910,2425871,True,False,False,False,300.672,10.7106,83.2896,17.4238,1946.7064,1618.8444,1.2650751,1.1635293,1.2550069,1.1560135,1.254126,1.162953
True,14/FEB/2012,-36.9871,141.34336,100,,2174590,2495181,False,False,False,False,305.8285,-2.8285,65.8285,48.1715,1899.0825,2019.8143,1.2265598,1.1834846,1.2269316,1.1869062,1.2078665,1.200889
True,14/NOV/2011,-36.79341,141.5015,100,,2187867,2517187,False,False,False,False,316.1881,-6.1881,66.1881,33.8119,2235.8748,3390.233,1.1484002,1.1819409,1.1491739,1.1763601,1.146067,1.1731563
False,30/JUN/1992,-38.21977,144.543,170,,2459977,2364533,False,False,False,False,257.5904,5.4096,87.4363,25.4576,2211.467,2127.8975,1.267129,1.1862472,1.261235,1.1809639,1.250668,1.1786797
True,17/SEP/2014,-37.620383,145.2074,180,,2518308,2431136,False,False,False,False,296.2611,13.8729,79.2471,25.7434,1740.764,1466.2535,1.2452384,1.1630553,1.2474664,1.1764237,1.2502409,1.1891744
True,03/APR/2002,-37.60111,142.33194,15,,2264447,2429994,False,True,False,True,292.9487,-3.0338,74.1237,32.1846,1786.8533,1524.5801,1.2564744,1.1778821,1.2649411,1.1713437,1.2604566,1.170652
True,23/FEB/1999,-37.58028,141.25806,15,,2169590,2429113,False,True,False,True,282.4021,-0.4021,71.4021,60.662,1984.1243,1630.5148,1.2839047,1.1765509,1.2812608,1.1789786,1.2800018,1.1797411
True,22/DEC/2001,-36.90917,147.77861,15,,2747550,2506465,False,True,False,True,272.5913,19.767,28.1885,40.904,2009.11,1758.1102,1.2811599,1.1933076,1.278251,1.1884966,1.2855304,1.1872536
True,19/JAN/1999,-38.06972,147.51778,15,,2720912,2378363,False,False,False,True,271.5924,22.4076,68.5923,15.4076,1685.0803,1276.7412,1.2653557,1.1518588,1.2798218,1.1608778,1.2879765,1.1704103
True,17/FEB/1999,-38.06278,147.55667,15,,2724344,2379043,False,False,False,True,270.5723,22.4277,68.5723,16.4277,1873.5768,1418.7004,1.2888724,1.1666214,1.2859435,1.1649655,1.2459273,1.1268688
True,17/MAR/1999,-38.185,147.37278,15,,2707873,2365898,False,True,False,True,269.2934,17.7768,68.2934,14.5717,1862.1385,1628.7296,1.2702957,1.1803902,1.2714515,1.1935117,1.260025,1.1912491
True,20/MAR/1999,-38.12278,147.46639,15,,2716251,2372594,False,True,False,True,269.4515,20.5485,68.4516,15.5484,1728.7079,1490.1428,1.2666037,1.1807393,1.2639961,1.180459,1.26567,1.1711078
True,12/MAY/1999,-38.05944,147.55528,15,,2724232,2379416,False,False,False,True,270.1106,23.0817,67.9441,17.0559,1939.4587,1601.5015,1.2906394,1.1809345,1.2798228,1.1779299,1.2587156,1.1530523
True,11/OCT/1999,-38.105,147.47639,15,,2717179,2374544,False,True,False,True,270.6668,21.3331,67.8544,15.3331,1606.8922,1447.7083,1.2529663,1.1840549,1.2538704,1.1822551,1.2611188,1.1795492
True,04/OCT/2000,-38.18111,147.38333,15,,2708808,2366306,False,False,False,True,268.876,18.9369,68.0631,14.9369,1735.5154,1524.1467,1.2680744,1.1845107,1.2648748,1.1864872,1.2703787,1.1856663
True,01/SEP/2010,-38.70634,145.87327,100,,2575981,2310259,False,False,False,False,260.696,25.304,86.696,75.3339,2337.7327,1330.0665,1.3642989,1.1576736,1.3458786,1.1756778,1.3291422,1.1857883
True,08/JUN/2011,-38.05582,141.6395,100,,2205118,2377623,False,False,False,True,269.2288,-2.2341,86.2316,61.0538,2147.9082,1325.3713,1.336243,1.1720556,1.3364576,1.1692055,1.3383985,1.1674131
True,13/DEC/2011,-36.49705,141.11378,100,,2151952,2548701,False,True,False,True,320.6276,-7.6275,69.6275,30.3725,1740.0336,2194.82,1.1974559,1.2032365,1.1933439,1.2023183,1.1901615,1.2011093
True,16/JAN/2018,-37.651402,145.249176,10,,2521986,2427685,False,True,False,False,295.937,14.758,80.2021,27.5599,1961.7526,1899.7415,1.2454213,1.1846105,1.2660133,1.1839458,1.2661767,1.1843691
True,17/FEB/1999,-37.23444,141.0025,15,,2145426,2466540,False,True,False,True,295.4084,-3.4084,70.4084,58.7197,1840.0054,1763.4177,1.2555026,1.1997702,1.2645473,1.1870877,1.2684865,1.1821711
True,22/FEB/1999,-37.35528,141.10472,15,,2155036,2453518,False,False,False,True,290.814,-2.814,70.5589,62.1833,2008.2441,2036.2268,1.2501601,1.2018415,1.2453827,1.2030123,1.2436795,1.2035315
True,01/DEC/1998,-37.53667,142.04333,15,,2238753,2436389,False,False,False,False,289.7581,2.3507,66.7876,43.2766,2023.5045,1926.7622,1.2651746,1.2005357,1.2450205,1.2061638,1.2322246,1.2099067
True,02/FEB/1999,-38.12583,147.45306,15,,2715074,2372285,False,True,False,True,267.4224,23.0308,65.4888,18.0308,1682.8566,1477.5542,1.2645316,1.1832379,1.2606336,1.1844832,1.2609117,1.1805842
True,15/OCT/1999,-38.07528,147.53194,15,,2722138,2377714,False,False,False,True,270.0281,22.9719,68.0281,16.9719,1770.1062,1490.5275,1.2756538,1.1771941,1.272946,1.1767346,1.2807908,1.1732814
True,15/SEP/1999,-38.10889,147.46639,15,,2716291,2374135,False,True,False,True,270.3384,21.6616,67.3384,15.6616,1676.6538,1438.973,1.264563,1.1799706,1.2574075,1.178628,1.259706,1.1790584
True,17/SEP/1999,-38.10611,147.47667,15,,2717201,2374420,False,True,False,True,270.6584,21.3416,67.9415,15.3416,1650.3296,1459.6398,1.2589649,1.182002,1.255838,1.1786273,1.2611068,1.179454
True,26/OCT/1999,-38.05667,147.5525,15,,2723996,2379730,False,False,False,True,268.8644,24.9098,66.6115,18.2383,1995.8695,1655.7405,1.2966808,1.1806046,1.2851962,1.1792228,1.1955417,1.1062795
True,08/AUG/2012,-38.6953,146.46018,4,,2627062,2310859,True,False,False,True,262.9626,24.8914,87.9235,48.0728,2215.356,1370.461,1.3462359,1.1568271,1.3403336,1.1597155,1.287697,1.1363732
True,11/NOV/2011,-36.88737,145.98854,100,,2588106,2512039,False,True,False,True,323.5428,5.9351,64.994,56.8518,2196.959,1662.8412,1.3011178,1.1733781,1.2965845,1.1813111,1.2887859,1.184894
True,04/JAN/2012,-37.1915,144.48766,100,,2454517,2478628,False,False,False,False,298.3624,-6.99,65.0543,44.7133,2085.995,1426.3073,1.2997535,1.1651484,1.270891,1.1777567,1.2625146,1.1918291
True,25/MAY/2011,-37.40636,144.67635,100,,2471349,2454859,False,True,False,False,259.4555,22.3865,48.6135,61.2133,1954.4791,1315.8135,1.304996,1.1673744,1.314571,1.1601127,1.3262992,1.1503196
True,17/NOV/2010,-38.146117,147.421077,6,,2712213,2370106,False,True,False,True,269.5525,19.4475,67.5913,14.4475,1642.4237,1538.4836,1.247893,1.1840985,1.2525094,1.1845222,1.2585322,1.1831948
True,01/MAR/1987,-37.71278,145.16694,15,,2514718,2420889,True,False,False,False,296.3695,14.63,82.372,23.0408,2120.6313,1874.2861,1.2446908,1.1379176,1.2568427,1.1532983,1.2606438,1.1592227
True,01/FEB/1999,-37.80333,141.30694,15,,2174864,2404545,False,True,False,False,273.9365,1.0635,75.9365,66.0635,2109.1648,1440.8452,1.3176455,1.1734369,1.3116593,1.1838434,1.2808032,1.1903822
True,20/JAN/1999,-37.00667,141.68917,15,,2205427,2494137,False,False,False,True,308.3087,-3.9689,63.7693,39.8884,1692.5131,2074.3933,1.2070643,1.2079942,1.2073416,1.207572,1.2021147,1.206949
True,10/OCT/2001,-37.69444,145.28083,15,,2524765,2422901,False,True,False,False,293.8187,17.1207,80.3761,31.1407,1986.0059,1815.5406,1.2730578,1.1990743,1.2646278,1.1761096,1.2664669,1.1705962
True,20/JAN/1999,-38.06944,147.51667,15,,2720815,2378397,False,False,False,True,271.4709,22.5291,68.4288,15.5291,1765.4998,1270.1866,1.2866423,1.1577239,1.2817835,1.1625049,1.2892259,1.1699198
True,19/APR/2011,-37.20241,142.96636,100,,2319503,2475612,False,False,False,True,301.2071,-0.9109,66.0166,33.7859,1905.4647,2130.6382,1.2278304,1.2080598,1.225457,1.2054546,1.2276636,1.2061495
True,21/JUN/2011,-37.64622,143.58174,100,,2374850,2427357,False,True,False,True,283.1344,5.3995,61.595,35.8244,2155.555,1625.1842,1.2953022,1.1716048,1.2995867,1.1726377,1.2991389,1.1751605
True,25/SEP/2014,-36.883889,142.364444,50,,2265113,2509632,False,False,False,True,312.5161,-1.5395,59.5435,39.8226,1759.3386,1947.8767,1.2096789,1.1865145,1.210156,1.1907566,1.2123469,1.1972518
True,25/NOV/2016,-38.101175,147.470124,3,,2716641,2374983,False,True,False,True,270.8537,21.1463,67.8537,15.1463,1648.9579,1444.498,1.258071,1.1754525,1.2725577,1.1773838,1.2696005,1.1788915
True,02/OCT/2017,-37.806999,145.1793,10,,2515788,2410430,True,False,False,False,291.3516,18.8089,82.9735,30.2543,2181.7417,1735.1309,1.293945,1.169374,1.2727312,1.1443807,1.2802105,1.1482543
True,31/OCT/2017,-38.06863,141.2735,5,,2173074,2375006,False,True,False,True,260.4325,3.5668,81.4191,77.8418,2158.0884,1173.0083,1.3453648,1.1469679,1.3560011,1.1469908,1.3529154,1.1452104
True,12/OCT/2017,-36.0261,147.43313,50,,2719282,2605258,False,True,False,True,323.5112,5.0757,55.3086,67.2809,1999.0388,1567.2175,1.2903146,1.1824341,1.3019828,1.174178,1.2983143,1.1669565
True,08/APR/2008,-38.06306,147.55222,15,,2723953,2379022,False,False,False,True,270.7382,22.2618,68.7382,16.2618,1853.3137,1442.2306,1.2828143,1.1682429,1.2734838,1.1679771,1.2732646,1.1615186
True,04/NOV/2007,-37.43722,144.65361,150,,2469348,2451427,False,True,False,False,267.3952,18.903,53.6379,54.3012,1974.0239,1628.3564,1.2801511,1.1855918,1.2957456,1.1790578,1.3064456,1.1728779
True,04/FEB/1999,-38.12639,147.45194,15,,2714974,2372226,False,True,False,True,267.8452,22.8335,65.7435,17.8335,1740.3668,1522.0039,1.2717259,1.1865003,1.2618408,1.1841681,1.2624708,1.1804967
True,13/MAY/1999,-38.15028,147.42278,15,,2712351,2369640,False,True,False,True,269.3766,19.6234,68.3504,14.6234,1645.4373,1502.401,1.2535503,1.1831787,1.2558191,1.1838151,1.2581497,1.1825593
True,26/OCT/1999,-38.05583,147.5525,15,,2723999,2379824,False,False,False,True,269.0898,24.7825,66.7734,18.0031,1929.9713,1551.0084,1.2960654,1.1786824,1.2857246,1.1797578,1.1794078,1.0941722
True,05/OCT/2000,-38.05694,147.55278,15,,2724020,2379700,False,False,False,True,269.0538,24.8096,66.8281,17.9468,1934.7993,1578.839,1.2931188,1.1796205,1.2841846,1.1815004,1.1986392,1.1088636
True,03/OCT/2012,-37.6903,145.31093,5,,2527421,2423352,False,True,False,False,286.8789,24.8528,76.8751,44.776,1797.0255,1402.7524,1.2686442,1.1649048,1.2839456,1.1728768,1.2839955,1.1674474
True,03/JUN/2011,-37.02818,144.82295,100,,2484248,2496858,False,False,False,True,303.5486,3.3628,59.6405,42.6215,1602.7185,1263.5516,1.2328371,1.1475437,1.2479539,1.1635202,1.2465847,1.1765765
True,03/MAY/2011,-37.13493,142.22895,100,,2253852,2481445,False,True,False,True,307.5496,-1.5585,64.5584,47.4416,1828.9716,1954.6346,1.2327495,1.1986759,1.2336948,1.2006875,1.2303874,1.207549
True,16/DEC/2011,-36.6001,141.78619,100,,2212533,2539519,False,True,False,True,323.8032,-8.8032,64.7733,20.2449,1965.2976,2671.8535,1.1758319,1.1947279,1.177207,1.1983266,1.174321,1.1980278
True,06/JUN/2012,-38.13093,141.29066,8,,2174848,2368155,False,True,False,True,255.5461,5.0361,80.7144,83.4539,2059.0178,1007.04645,1.3440093,1.1361843,1.3429774,1.1373811,1.3468305,1.1459686
True,01/DEC/2008,-37.39152,142.232292,10,,2254976,2452992,False,True,False,True,281.7409,8.5446,57.5615,64.9693,1933.2035,1436.3384,1.2895755,1.1763934,1.2825725,1.1701481,1.2823572,1.1606743
False,11/OCT/2011,-36.78874,144.350473,5,,2442033,2523243,False,True,False,False,322.6976,-2.6624,59.6976,28.3376,1938.4834,2314.673,1.1956571,1.1876253,1.2093607,1.1933603,1.2206539,1.1896665
True,30/SEP/2014,-37.217115,144.215554,7,,2430385,2475621,False,True,False,True,300.5613,-0.3678,59.156,42.4599,1933.6975,1700.2498,1.2612174,1.1878266,1.2661963,1.181518,1.2671254,1.1808405
True,09/FEB/1999,-37.65333,141.31417,15,,2174856,2421205,False,True,False,False,280.8191,0.1803,72.8191,60.1809,1861.9988,1633.2643,1.2727408,1.1944841,1.2779061,1.1864654,1.2869134,1.1884755
True,30/JUL/2004,-38.35917,144.97361,50,,2497693,2349153,False,True,False,False,249.7305,20.4775,87.9483,76.9725,2269.1692,1031.3622,1.3809547,1.141876,1.3752177,1.1377676,1.3607237,1.1503117
True,18/JAN/1999,-38.07083,147.5175,15,,2720884,2378241,False,False,False,True,271.4984,22.5017,68.4983,15.5017,1728.5741,1304.4844,1.2812568,1.164053,1.2835108,1.1671591,1.2883143,1.1719463
True,09/SEP/2000,-37.705105,143.530682,10,,2370446,2420754,False,False,False,False,298.5497,-8.2075,75.6507,18.7373,1982.32,2363.2375,1.2231683,1.2153574,1.2469304,1.2044973,1.2489773,1.2036293
True,04/NOV/2010,-38.37694,144.95806,50,,2496334,2347180,False,True,False,False,249.7751,19.0353,89.1924,75.7123,2199.715,1257.0262,1.3384416,1.1427591,1.3609436,1.1631641,1.3585818,1.1678435
True,12/JAN/2015,-37.722,145.26229,10,,2523122,2419847,False,False,False,False,296.7584,14.4298,82.6418,26.8395,1980.4703,1917.0265,1.2466234,1.1802542,1.2588253,1.1787707,1.2682649,1.1811814
True,07/DEC/2011,-37.22165,140.97219,100,,2142679,2467844,False,True,False,False,295.1041,-3.1346,70.1346,59.8341,2024.2872,1604.9707,1.2949822,1.1870333,1.2920147,1.1933997,1.2756141,1.1980152
True,30/SEP/2014,-37.607519,145.296002,125,,2526133,2432543,False,True,False,False,289.3147,22.6898,75.6155,41.6048,1769.318,1402.3442,1.2516246,1.154037,1.2801045,1.16101,1.2797976,1.1741998
True,07/SEP/2016,-37.35222,142.031048,2,,2237030,2456815,False,True,False,True,308.0102,-12.0102,77.0102,32.6415,1848.5894,1994.3022,1.2366005,1.2105688,1.2381086,1.2080597,1.2371004,1.2070602
True,29/SEP/2017,-37.814413,145.20809,10,,2518322,2409602,True,False,False,False,289.9431,19.9149,82.7263,34.1085,1924.0895,1504.1918,1.2847873,1.1739905,1.2909184,1.1564566,1.2780769,1.144066
True,23/NOV/1998,-36.88917,142.49861,15,,2277083,2509368,False,False,False,False,317.8692,-5.8692,64.8692,31.1308,1973.5442,2361.633,1.2016463,1.1887387,1.1851989,1.1857119,1.1814817,1.1909838
True,08/DEC/2008,-37.42639,144.63028,15,,2467279,2452621,False,True,False,False,266.2368,20.8665,51.1102,57.6462,1919.3279,1455.7808,1.2856314,1.1785382,1.2832408,1.1589475,1.2947834,1.1565247
True,20/JAN/1999,-38.07056,147.5175,15,,2720885,2378271,False,False,False,True,271.4984,22.5017,68.4983,15.5017,1712.5878,1306.7522,1.2727408,1.1594431,1.2816583,1.1638957,1.2882305,1.1711944
True,13/MAY/1999,-38.14972,147.42306,15,,2712377,2369702,False,True,False,True,269.2232,19.7768,68.2186,14.7768,1737.3792,1623.7249,1.2549118,1.1818271,1.2590903,1.1832904,1.2588469,1.1825407
True,27/OCT/2010,-38.9119,146.3039,7,,2613134,2287005,False,True,False,True,250.4941,28.0486,88.4633,85.8578,2144.0142,1321.0381,1.3370327,1.1499499,1.3365312,1.1513283,1.3268645,1.1386458
True,28/SEP/2012,-37.6956,145.27954,5,,2524651,2422773,False,True,False,False,294.457,16.4934,80.3229,29.9968,1851.021,1680.027,1.2408482,1.1711082,1.2619853,1.1745269,1.2662064,1.1706365
True,11/OCT/2010,-38.2638,147.27121,50,,2698768,2357370,False,False,False,True,266.9451,16.0318,68.7616,15.0549,2145.6423,1735.0873,1.3193024,1.1964931,1.2946101,1.19354,1.2850639,1.1949356
True,08/JUN/2011,-38.11238,141.83561,100,,2222529,2371938,False,False,False,True,266.2281,-0.4413,86.4413,57.2708,2151.542,1353.1147,1.3350538,1.1696066,1.3409389,1.1672319,1.3372983,1.1694323
True,08/JUN/2011,-36.8908,142.35391,100,,2264196,2508839,False,False,False,True,316.6627,-4.7504,62.7504,34.8633,1868.5608,2023.9164,1.2316769,1.2012769,1.223106,1.2013885,1.2206829,1.194764
True,12/JAN/2012,-37.68014,141.26072,100,,2170260,2418048,False,True,False,True,281.5602,-1.5182,76.4824,59.5176,2120.706,1848.9392,1.2842726,1.192534,1.2849627,1.1890613,1.2923554,1.1753701
True,10/JAN/2012,-37.3685,141.22342,100,,2165601,2452475,False,True,False,False,294.3929,-3.7372,72.3002,56.3296,2066.9966,1892.6079,1.2725817,1.1972859,1.259773,1.2063079,1.242005,1.2042897
True,13/OCT/2015,-36.888778,142.373111,50,,2265900,2509111,False,False,False,True,314.0161,-3.4338,62.0305,39.9064,1707.9921,1824.3799,1.2267005,1.19863,1.2270132,1.1956352,1.2194074,1.1944206
True,02/NOV/2017,-37.18028,142.31364,5,,2261515,2476630,False,True,False,True,305.3706,-0.119,65.119,53.8821,1745.2303,1747.7997,1.2378219,1.1924355,1.2391951,1.1921446,1.2353796,1.1900651
True,04/FEB/1999,-37.72556,141.03167,15,,2150283,2412194,False,False,False,False,273.4478,-0.4478,74.4478,69.5522,2256.5293,1662.3203,1.3164577,1.1815395,1.314992,1.1836201,1.2595001,1.1965545
True,18/FEB/1999,-37.27944,141.02972,15,,2148047,2461652,False,True,False,True,294.6582,-4.6582,71.6582,59.3418,1667.3169,1628.4103,1.2389934,1.1942782,1.2546397,1.1889849,1.2603718,1.1868156
True,03/FEB/1999,-38.12611,147.45306,15,,2715073,2372254,False,True,False,True,267.4224,23.0308,65.4888,18.0308,1682.8566,1477.5542,1.2645316,1.1832379,1.2606336,1.1844832,1.2609117,1.1805842
True,11/MAY/1999,-38.05833,147.55528,15,,2724235,2379540,False,False,False,True,269.4704,23.9959,67.4432,17.535,1946.5464,1675.945,1.2862945,1.1845611,1.2801872,1.1820294,1.2353644,1.1362503
True,03/OCT/2000,-38.18083,147.38222,15,,2708712,2366340,False,False,False,True,268.9489,19.0345,67.9655,15.0345,1728.5884,1524.1426,1.2666463,1.1858106,1.2670213,1.1877539,1.269098,1.1853693
True,03/OCT/2000,-38.18167,147.38194,15,,2708685,2366247,False,False,False,True,268.7152,19.2794,67.7206,15.2794,1713.5309,1490.7882,1.2648975,1.1830509,1.2653731,1.185726,1.2700481,1.1856148
True,02/OCT/2012,-37.6925,145.28715,5,,2525323,2423115,False,True,False,False,294.9145,16.0793,81.4862,30.3074,1611.8228,1097.945,1.2522025,1.1348786,1.2710512,1.159313,1.2670686,1.1712855
True,30/MAR/2011,-37.8712,147.1387,100,,2688152,2401206,False,False,False,False,283.121,26.879,58.121,11.879,1958.4264,1596.6758,1.2899939,1.1861897,1.2874765,1.1860182,1.2830201,1.1941456
True,14/DEC/2011,-36.55564,140.98103,100,,2140344,2541712,False,True,False,True,319.2202,-7.2202,71.2202,34.7798,1904.8336,2439.0642,1.1978054,1.2029353,1.1980374,1.2026714,1.1970905,1.2008264
True,21/JUN/2011,-37.69516,143.60577,100,,2377050,2421957,False,True,False,True,288.7313,2.5432,65.4936,28.3235,1879.322,1346.7555,1.2787117,1.1615614,1.2902223,1.1705817,1.2907813,1.1709743
True,04/MAY/2011,-37.1361,144.282,100,,2436213,2484657,False,True,False,True,301.9588,-1.9543,59.1422,42.9283,1989.2687,1688.6411,1.2708023,1.1878159,1.2685368,1.1832151,1.2582715,1.1772012
True,11/NOV/2015,-37.3228,144.124124,5,,2422379,2463823,False,True,False,False,292.8734,-0.9963,61.0182,50.7148,2028.5599,1318.4121,1.3022071,1.1574336,1.2936987,1.1520082,1.3023154,1.1607672
True,29/AUG/2016,-38.426071,145.528064,2,,2546118,2341598,False,False,False,False,262.616,24.4759,78.0983,65.5054,2074.1616,1336.2805,1.3298178,1.1695213,1.32799,1.1589403,1.3231763,1.1641829
True,02/NOV/2017,-37.11143,142.3898,5,,2268065,2484455,False,True,False,True,296.3175,4.72,59.2199,71.0817,1919.3878,1460.8514,1.2690175,1.1607654,1.2665399,1.1577636,1.2627751,1.162824
True,09/DEC/1998,-38.07056,147.52583,15,,2721616,2378252,False,False,False,True,271.8078,22.1797,68.8203,15.2806,1823.9319,1517.1469,1.2768296,1.1760509,1.2774183,1.1744893,1.2782172,1.1733994
True,14/DEC/2011,-36.51485,141.10645,100,,2151376,2546700,False,True,False,False,318.8615,-5.8615,67.8615,33.1366,1773.9657,2383.4307,1.1892468,1.2057002,1.1916066,1.2033972,1.1930814,1.2032188
True,13/JAN/2012,-38.26905,147.02243,100,,2676987,2357278,False,True,False,True,269.7009,15.586,67.414,13.7188,1857.4056,1499.1459,1.2835592,1.1813949,1.2867017,1.1869955,1.2851933,1.1967161
True,31/MAR/2011,-38.19189,146.95943,100,,2671651,2365957,False,True,False,True,265.3153,25.2972,59.0564,21.927,1995.681,1481.1576,1.2998449,1.1742206,1.3126734,1.178883,1.3029598,1.1770345
True,31/MAY/2012,-37.08674,144.64129,50,,2468111,2490315,False,False,False,False,299.9191,1.5849,58.2574,41.3849,1969.0298,1739.5668,1.257733,1.1835597,1.2659048,1.1809858,1.2400352,1.1793799
True,02/FEB/1999,-37.77111,141.20667,15,,2165898,2407771,False,True,False,False,274.1703,0.8174,75.1757,66.1984,1806.988,1496.1357,1.2747103,1.1875982,1.2936866,1.176103,1.3153687,1.1614448
True,09/DEC/1998,-38.07083,147.525,15,,2721542,2378224,False,False,False,True,271.7365,22.2066,68.7934,15.2111,1838.3157,1473.3896,1.2861934,1.1792272,1.2832835,1.1763818,1.2794298,1.1736965
True,02/FEB/1999,-38.12556,147.45333,15,,2715099,2372315,False,True,False,True,268.2853,22.0448,66.459,17.0448,1683.0188,1476.4698,1.2633008,1.1824464,1.2613146,1.1839261,1.2613198,1.1800735
True,18/MAR/1999,-38.1225,147.46778,15,,2716374,2372622,False,True,False,True,269.4409,20.5591,68.4409,15.5591,1722.8154,1499.3143,1.2627513,1.1789153,1.2667246,1.1800389,1.2618957,1.1634893
True,23/NOV/1999,-38.12667,147.445,15,,2714365,2372210,False,True,False,True,270.1499,20.8305,67.1846,15.8301,1628.7421,1497.6329,1.2523977,1.1842458,1.2506016,1.182112,1.2594811,1.1819102
True,30/JAN/1996,-37.62611,145.1225,15,,2510812,2430514,False,False,False,False,296.5227,11.7861,79.9742,18.7212,1737.7628,1394.8306,1.2563227,1.1598306,1.2592046,1.1896861,1.2458159,1.1995622
True,10/JUN/2011,-37.56402,144.50776,100,,2456515,2437299,False,True,False,True,286.2126,6.6798,66.7582,12.8913,1706.7217,1521.4454,1.2379636,1.1808177,1.243777,1.1764436,1.247009,1.1748992
True,25/NOV/2016,-38.105994,147.457141,3,,2715489,2374477,False,True,False,True,270.267,21.733,67.267,15.733,1625.766,1467.9901,1.2552345,1.1836406,1.2627431,1.1797546,1.2641494,1.1809781
True,20/FEB/1999,-37.28778,141.35444,15,,2176853,2461878,False,True,False,True,293.4216,-2.4238,66.4238,56.5762,1866.1296,1629.4686,1.2696476,1.1942178,1.2625872,1.1961946,1.2602118,1.1986779
True,23/FEB/1999,-37.46528,141.14028,15,,2158678,2441449,False,True,False,True,284.0491,1.0041,68.0608,64.9509,1861.5234,1827.8129,1.249242,1.1866997,1.2609291,1.1801718,1.2712668,1.1791383
True,03/NOV/1998,-37.98389,141.55861,15,,2197735,2385348,False,True,False,True,265.1052,1.8948,78.1052,67.8948,2081.3872,1277.9299,1.3290646,1.1681796,1.3287731,1.1680633,1.3277225,1.1659881
True,23/SEP/2000,-36.26056,146.71222,50,,2653851,2580662,False,True,False,True,328.3269,2.9387,58.1809,56.9339,2011.1744,1779.6925,1.2598155,1.1741811,1.2653892,1.1763432,1.26123,1.1753073
True,27/OCT/2003,-37.35917,142.50833,150,,2279314,2457256,False,True,False,True,299.9539,-2.9726,70.7313,43.2688,1692.4225,1197.3107,1.2634695,1.1519082,1.2809756,1.1546015,1.2892563,1.1551054
True,18/MAR/1999,-38.11806,147.46778,15,,2716387,2373114,False,True,False,True,269.8985,21.1633,68.4752,15.5248,1693.9762,1458.0248,1.2648376,1.1773429,1.2665052,1.1778927,1.2644798,1.1776239
True,23/NOV/1999,-38.12694,147.44361,15,,2714243,2372184,False,True,False,True,270.3318,20.6413,67.3587,15.6413,1620.8744,1529.5138,1.2497133,1.1878041,1.2509922,1.1829572,1.2594674,1.1822642
True,21/NOV/1997,-38.00932,140.96626,50,,2145856,2380485,False,True,False,True,262.2665,-1.7871,85.2625,71.9802,2070.7002,1398.7446,1.3172026,1.1680987,1.3243119,1.168669,1.3147459,1.1622242
True,03/FEB/2012,-37.64889,141.96862,100,,2232550,2423734,False,False,False,False,293.2269,-5.8799,77.6041,37.8601,2105.7795,2069.1335,1.2629666,1.2033087,1.2518244,1.2013423,1.2199203,1.2036917
True,17/NOV/2011,-37.31775,142.98805,100,,2321698,2462856,False,False,False,False,304.3285,-5.6091,71.6091,22.1721,2238.091,2422.6611,1.2403055,1.2000413,1.1954858,1.2032988,1.1716927,1.2028973
True,25/SEP/2014,-37.584618,145.257102,30,,2522706,2435095,False,False,False,False,291.7814,18.832,76.3937,35.6959,1832.778,1547.112,1.2565475,1.169958,1.2654185,1.1771699,1.2670139,1.1853901
True,13/OCT/2015,-36.941833,142.409222,50,,2269278,2503314,False,True,False,True,307.6118,-1.6118,61.335,54.498,2006.9369,1548.9946,1.282774,1.1737288,1.2924887,1.1623837,1.2728112,1.1643832
True,25/NOV/2016,-38.102624,147.468263,3,,2716474,2374826,False,True,False,True,270.4883,21.5117,67.4883,15.5117,1631.7919,1478.8618,1.2564226,1.1847514,1.2676519,1.1799664,1.2667637,1.1788452
True,30/OCT/2017,-37.77459,141.45338,5,,2187631,2408223,False,True,False,True,272.4893,0.9171,72.3369,64.6631,2091.229,1217.3615,1.3362236,1.1642822,1.3138276,1.178054,1.3074666,1.1825691
True,17/FEB/1999,-37.11667,141.09472,15,,2153065,2479937,False,False,False,False,302.3334,-4.3251,70.399,52.6666,2019.8397,2033.6355,1.2493232,1.1988099,1.2585264,1.195344,1.2632531,1.1935432
True,15/SEP/2006,-38.16278,145.20028,15,,2517553,2370937,True,False,False,False,277.6748,16.7211,84.1032,45.6466,2184.3845,1533.435,1.3245502,1.1686785,1.2972981,1.1618035,1.305421,1.1648854
True,19/JAN/1999,-38.06944,147.51778,15,,2720913,2378395,False,False,False,True,271.5057,22.4943,68.5017,15.4943,1685.0803,1276.7412,1.2653557,1.1518588,1.2798218,1.1608778,1.2879765,1.1704103
True,22/JAN/1999,-38.155,147.42278,15,,2712337,2369117,False,True,False,True,269.2057,19.7943,68.2057,14.795,1744.8195,1510.0206,1.2672409,1.1817496,1.2617517,1.1815277,1.2663451,1.1783282
True,17/MAY/2011,-38.1405,141.49118,100,,2192456,2367760,False,True,False,True,260.4163,2.3703,84.1147,74.5837,2171.3806,1071.0779,1.3593506,1.1468855,1.363222,1.1477933,1.354978,1.147797
True,04/MAY/2011,-37.34453,142.0282,100,,2236751,2457660,False,True,False,True,308.2745,-11.8789,76.8789,32.397,1865.4373,2107.8818,1.2258178,1.2095608,1.2253804,1.2057985,1.2329291,1.2103078
True,09/DEC/2011,-38.30779,147.19975,100,,2692402,2352634,False,False,False,False,265.4,14.547,68.4732,15.5755,2006.7941,1719.1807,1.3025897,1.2039605,1.3001827,1.2022839,1.2896763,1.1874022
True,30/AUG/2016,-38.425623,145.526137,2,,2545950,2341649,False,False,False,False,263.0262,24.485,78.1868,64.8286,1939.1593,1186.925,1.3158145,1.1552521,1.305858,1.1520085,1.3206083,1.1621392
True,10/DEC/1998,-38.07083,147.52472,15,,2721517,2378224,False,False,False,True,271.7776,22.1925,68.8075,15.1932,1833.4645,1435.856,1.289923,1.1776539,1.2857207,1.1779684,1.2803414,1.1735555
True,02/FEB/1999,-38.155,147.42417,15,,2712459,2369113,False,False,False,True,268.6942,20.3059,67.6941,15.3235,1757.3612,1534.2477,1.262703,1.1766372,1.2633597,1.1796472,1.268399,1.1773531
True,17/FEB/1999,-38.0625,147.55694,15,,2724369,2379073,False,False,False,True,270.5024,22.4976,68.5024,16.4976,1873.5768,1418.7004,1.2888724,1.1666214,1.2859435,1.1649655,1.2459273,1.1268688
True,16/FEB/1999,-38.0625,147.55722,15,,2724393,2379072,False,False,False,True,270.9011,22.0989,68.9011,16.0989,1869.4701,1417.44,1.2883906,1.166144,1.2880833,1.1658026,1.2397577,1.11848
True,16/MAR/1999,-38.185,147.37278,15,,2707873,2365898,False,True,False,True,269.2934,17.7768,68.2934,14.5717,1862.1385,1628.7296,1.2702957,1.1803902,1.2714515,1.1935117,1.260025,1.1912491
True,19/MAR/1999,-38.12389,147.46611,15,,2716224,2372471,False,True,False,True,269.2644,20.7356,68.2644,15.7356,1702.9639,1507.8721,1.2604718,1.1813416,1.26645,1.1810069,1.2635818,1.1656207
True,23/NOV/1999,-38.12667,147.44472,15,,2714341,2372211,False,True,False,True,270.1499,20.8305,67.1846,15.8301,1628.7421,1497.6329,1.2523977,1.1842458,1.2506016,1.182112,1.2594811,1.1819102
True,01/OCT/2012,-37.7135,145.28168,5,,2524834,2420785,False,False,False,False,298.7238,12.4899,82.9518,23.1417,1793.4255,1473.9095,1.2512988,1.1579374,1.2727504,1.1682414,1.2729492,1.1767668
True,03/OCT/2012,-37.6911,145.29514,5,,2526029,2423268,False,True,False,False,289.6463,21.3836,78.1994,38.362,1682.2485,1413.8248,1.2451551,1.1606877,1.2620451,1.1607335,1.2726438,1.1696687
True,05/MAY/2011,-37.47197,141.93496,100,,2228950,2443263,False,False,False,False,276.9921,8.2115,55.4536,60.9253,1969.1506,1946.271,1.2609173,1.2071551,1.2642372,1.2034814,1.2616475,1.1947134
True,13/DEC/2011,-37.33067,147.89813,100,,2756771,2459398,False,True,False,True,286.6224,19.6574,47.3543,9.1109,1504.8456,936.1134,1.2486091,1.1184754,1.2677711,1.1386188,1.2840887,1.1487069
True,30/SEP/2014,-37.217115,144.215554,7,,2430385,2475621,False,True,False,True,300.5613,-0.3678,59.156,42.4599,1933.6975,1700.2498,1.2612174,1.1878266,1.2661963,1.181518,1.2671254,1.1808405
True,15/JUL/1994,-37.62028,145.20694,15,,2518267,2431148,False,False,False,False,296.9005,13.3329,79.7222,24.996,1827.4434,1605.1614,1.2514249,1.1754773,1.2478625,1.171277,1.249916,1.188729
True,11/MAY/1999,-38.05889,147.55611,15,,2724306,2379476,False,False,False,True,269.853,23.5866,67.756,17.244,2007.4371,1799.3229,1.2826475,1.185971,1.2776049,1.1816124,1.2478875,1.1450031
True,11/OCT/1999,-38.10472,147.47722,15,,2717253,2374573,False,True,False,True,270.4797,21.5203,67.6643,15.5203,1619.7957,1435.1559,1.2571882,1.1831435,1.2542192,1.1814547,1.2614374,1.1794115
True,11/OCT/1999,-38.10556,147.47639,15,,2717178,2374482,False,True,False,True,270.6668,21.3331,67.8544,15.3331,1646.4968,1436.8942,1.2604026,1.1825911,1.254347,1.1803277,1.261045,1.1795264
True,26/OCT/1999,-38.05667,147.55167,15,,2723924,2379732,False,False,False,True,268.7036,25.0635,66.2589,18.6901,2003.4569,1739.4147,1.2854357,1.1821183,1.2837244,1.1779609,1.1923846,1.1036445
True,06/SEP/1991,-37.51773,140.96733,50,,2143639,2435000,False,False,False,False,282.6142,-1.6142,72.6142,66.3858,2267.8308,1510.5392,1.3427552,1.1902399,1.3309355,1.1898615,1.2787305,1.2006257
True,12/APR/2011,-37.78056,147.27338,100,,2700239,2410989,False,True,False,False,281.6021,34.3979,55.6021,17.3979,2131.7407,1352.6658,1.3432559,1.1714227,1.3318045,1.1660072,1.3286747,1.1636325
True,20/MAY/2011,-37.36442,141.17209,100,,2161040,2452746,False,True,False,True,293.5086,-4.4678,72.4013,58.1154,1970.0834,1975.1677,1.2408863,1.191641,1.2513658,1.1970366,1.2548797,1.19573
True,08/NOV/2011,-36.87314,145.9915,100,,2588386,2513616,False,True,False,True,319.2358,12.6117,59.3883,65.2205,2080.0833,1503.413,1.2909967,1.1642473,1.2952086,1.1798326,1.2469422,1.1427264
True,24/NOV/2016,-38.140903,147.417475,4,,2711912,2370693,False,True,False,True,270.3229,19.5402,67.4598,14.5402,1763.3499,1486.8582,1.2746972,1.1838458,1.2676157,1.1840265,1.2659997,1.1848795
True,04/DEC/1998,-38.12778,141.84556,15,,2223458,2370258,False,True,False,True,263.9547,0.9355,85.0645,58.9355,2138.3687,1279.585,1.3365333,1.1640017,1.3391125,1.1638865,1.3397415,1.167276
True,22/JAN/1999,-37.11417,141.41306,15,,2181321,2481327,False,True,False,True,302.2961,-3.4006,66.3754,50.5993,1868.6156,1756.6008,1.2531928,1.1909523,1.2473518,1.1923503,1.2267442,1.1916903
True,25/JAN/1999,-37.01,141.26528,15,,2167745,2492372,False,False,False,False,305.2075,-3.2075,67.2075,49.7925,1883.191,1954.1615,1.2359573,1.1912448,1.2390637,1.1888887,1.2200915,1.1880152
True,30/JAN/1999,-37.02056,144.88167,15,,2489471,2497712,False,False,False,True,314.2026,-1.2027,66.4974,29.4239,2020.908,2146.8218,1.2184005,1.1808224,1.2298275,1.1813536,1.2309563,1.1895341
True,14/MAY/1999,-38.14972,147.42222,15,,2712303,2369704,False,True,False,True,269.2886,19.7113,68.1962,14.7113,1633.4662,1515.7814,1.2514749,1.1850362,1.2560819,1.1841747,1.257983,1.1827495
True,16/SEP/1999,-38.10917,147.46722,15,,2716363,2374102,False,True,False,True,270.5729,21.4271,67.5729,15.4271,1616.4049,1432.3804,1.2551502,1.1796376,1.256432,1.1788735,1.2594885,1.1788505
True,07/DEC/2000,-38.12306,147.46694,15,,2716299,2372561,False,True,False,True,269.3731,20.6269,68.3731,15.6269,1728.3315,1493.3514,1.2629453,1.1795129,1.2655083,1.1799145,1.2644968,1.1679397
True,10/NOV/2014,-37.27133,142.96769,200,,2319784,2467968,False,False,False,False,307.5149,-7.6417,73.3415,22.7981,2422.466,3099.6174,1.2009486,1.1948287,1.1949855,1.2013217,1.186795,1.198007
True,08/JUN/2011,-36.9113,142.35972,100,,2264777,2506580,False,False,False,True,315.5073,-4.5073,63.5073,38.2672,1800.0282,1964.2284,1.2301152,1.2044419,1.2286023,1.2014282,1.2164818,1.2001395
True,04/MAY/2011,-37.2326,142.1667,100,,2248646,2470449,False,True,False,True,303.2505,-0.4617,64.4618,44.6965,1767.5519,1714.6848,1.2432753,1.1938554,1.2435211,1.1966991,1.2364662,1.2046663
True,05/MAY/2011,-37.48796,141.93215,100,,2228758,2441481,False,False,False,False,285.3627,2.7419,62.5133,51.4979,1836.9847,1530.683,1.2668791,1.1770226,1.2567785,1.181602,1.2555487,1.1887822
True,16/JUN/2011,-37.09578,148.72461,100,,2830983,2482896,False,True,False,True,277.3165,25.8313,26.3341,22.8478,1736.9868,1454.7551,1.2601198,1.1708252,1.2628261,1.1627208,1.2640789,1.1648415
True,17/SEP/2014,-37.621179,145.206995,30,,2518272,2431048,False,False,False,False,296.9019,13.2519,79.8476,25.0117,1745.953,1367.746,1.2526646,1.1563187,1.2535207,1.174225,1.2517728,1.1901643
True,12/OCT/2016,-37.6644,145.1452,5,,2512810,2426262,False,False,False,False,295.7378,13.7667,80.4288,21.7552,1898.5361,1822.5245,1.2392509,1.1761286,1.2581086,1.1806386,1.2552055,1.1798763
True,27/SEP/2016,-38.634105,145.563351,5,,2549063,2318483,False,False,False,True,261.1643,19.9528,87.1642,70.8294,2191.5374,1451.6439,1.332338,1.1653883,1.3297265,1.166764,1.339454,1.1664978
True,08/JAN/1999,-38.2525,141.39639,15,,2184622,2355026,False,True,False,True,248.3269,7.2715,80.7285,89.2668,2192.4287,1155.2622,1.3531921,1.1445962,1.3533847,1.1458182,1.3501079,1.148193
True,21/DEC/1998,-37.155,141.545,15,,2193202,2477233,False,True,False,False,304.6525,-5.6525,68.1501,45.3475,1951.9075,2089.3303,1.2366835,1.1973013,1.2356412,1.2019886,1.2361057,1.2005534
True,24/JAN/1999,-36.96972,141.34222,15,,2174415,2497104,False,False,False,False,305.2867,-2.0873,64.6568,48.7609,1883.8047,1989.9626,1.2335827,1.1918812,1.2358618,1.1956009,1.2163008,1.1979784
True,02/FEB/1999,-38.12583,147.45306,15,,2715074,2372285,False,True,False,True,267.4224,23.0308,65.4888,18.0308,1682.8566,1477.5542,1.2645316,1.1832379,1.2606336,1.1844832,1.2609117,1.1805842
True,19/MAR/1999,-38.12389,147.46667,15,,2716273,2372470,False,True,False,True,269.2644,20.7356,68.2644,15.7356,1702.9639,1507.8721,1.2604718,1.1813416,1.26645,1.1810069,1.2635818,1.1656207
True,11/MAY/1999,-38.05889,147.555,15,,2724209,2379478,False,False,False,True,269.404,23.775,67.3315,17.6681,1906.5538,1624.3191,1.2812847,1.1821054,1.2833275,1.1779071,1.2475259,1.1454296
True,14/MAY/1999,-38.15056,147.42194,15,,2712276,2369611,False,True,False,True,269.3589,19.6412,68.2811,14.6412,1614.6606,1482.2637,1.252641,1.1837821,1.2542052,1.1837441,1.2576115,1.1825923
True,14/OCT/1999,-38.07556,147.53139,15,,2722089,2377684,False,False,False,True,270.4011,22.5989,68.4011,16.5989,1764.96,1499.1835,1.273715,1.1774508,1.2732636,1.1757718,1.2812675,1.1741793
True,25/OCT/1999,-38.05611,147.55167,15,,2723925,2379794,False,False,False,True,268.8644,24.9098,66.6115,18.2383,1929.9713,1551.0084,1.2960654,1.1786824,1.2857246,1.1797578,1.1794078,1.0941722
True,07/DEC/2000,-38.12389,147.46611,15,,2716224,2372471,False,True,False,True,269.2644,20.7356,68.2644,15.7356,1702.9639,1507.8721,1.2604718,1.1813416,1.26645,1.1810069,1.2635818,1.1656207
True,16/JUN/2011,-37.10643,148.71459,100,,2830047,2481750,False,True,False,True,279.0167,24.5169,28.4678,22.197,1708.6277,1271.0013,1.2651347,1.1546429,1.2698094,1.1658189,1.2696569,1.1727724
True,13/JAN/2012,-38.26233,147.0334,100,,2677963,2358003,False,True,False,True,269.6633,16.0385,66.9615,14.0385,1829.7397,1605.3011,1.279179,1.1933038,1.2824633,1.194863,1.2891357,1.1854014
True,09/SEP/2014,-37.730001,145.232594,115,,2520502,2418966,True,True,False,False,298.5913,13.2003,83.1242,22.8013,1955.2098,1521.8085,1.2751977,1.1586272,1.2771475,1.1624398,1.2853622,1.1743463
True,29/SEP/2015,-37.651532,145.304461,30,,2526865,2427656,False,True,False,False,295.0539,16.2592,79.9314,30.9405,1950.3389,1268.9441,1.3077147,1.1615043,1.2889782,1.1648101,1.2852997,1.178423
True,29/SEP/2015,-37.651532,145.304461,30,,2526865,2427656,False,True,False,False,295.0539,16.2592,79.9314,30.9405,1950.3389,1268.9441,1.3077147,1.1615043,1.2889782,1.1648101,1.2852997,1.178423
True,09/OCT/2014,-38.247444,146.927528,50,,2668731,2359848,False,True,False,True,265.509,23.3895,63.4207,22.9915,2027.0859,1661.1572,1.2874694,1.1796428,1.2756796,1.1842096,1.2838843,1.1811359
True,29/AUG/2016,-38.425389,145.526898,3,,2546017,2341674,False,False,False,False,263.0262,24.485,78.1868,64.8286,1984.1044,1253.3226,1.3166033,1.1565802,1.3014997,1.1506231,1.321353,1.1629713
True,07/FEB/1999,-37.72139,141.2225,15,,2167073,2413340,False,True,False,True,277.2939,-0.5223,74.5223,64.4777,2112.8296,1826.7795,1.2858669,1.1936105,1.2866718,1.1919223,1.2782075,1.196442
True,18/DEC/1998,-37.00444,141.97222,15,,2230594,2495222,False,False,False,True,312.3365,-4.3365,64.3365,33.6635,1964.3569,2328.2888,1.2167633,1.2026355,1.2051423,1.1976647,1.2084347,1.2038202
True,21/OCT/2004,-37.24806,141.38833,15,,2179689,2466397,False,False,False,False,293.5265,-1.3862,64.4097,56.6138,1892.0719,1665.2599,1.2607063,1.1815355,1.2653579,1.1866907,1.2612196,1.1938976
True,19/MAR/1999,-38.12361,147.46611,15,,2716224,2372502,False,True,False,True,269.2644,20.7356,68.2644,15.7356,1709.0356,1490.2803,1.2642503,1.1801189,1.2654061,1.1808841,1.2649739,1.1687294
True,14/SEP/1999,-38.10806,147.46778,15,,2716416,2374224,False,True,False,True,270.4316,21.5684,67.4316,15.5684,1761.392,1608.4495,1.2576416,1.1765552,1.259599,1.1781483,1.2598897,1.1790538
True,26/OCT/1999,-38.05694,147.55222,15,,2723971,2379701,False,False,False,True,268.5607,25.1275,66.4,18.5599,1995.8695,1655.7405,1.2966808,1.1806046,1.2851962,1.1792228,1.1955417,1.1062795
True,22/JAN/1996,-37.645,145.11306,15,,2509977,2428418,False,False,False,False,298.5591,9.591,83.4098,16.1635,2113.3108,2213.2363,1.2374573,1.1832774,1.2420452,1.1854534,1.2451637,1.1812025
True,31/AUG/2011,-37.5656,144.60722,100,,2465302,2437164,False,False,False,False,277.2913,13.583,62.2264,21.5859,1822.2678,1594.3248,1.2549212,1.1797203,1.2695183,1.1859341,1.2612585,1.1816206
True,01/AUG/2015,-37.7307,145.23689,2,,2520880,2418887,True,True,False,False,299.2968,12.61,83.15,22.1865,1945.2333,1627.573,1.2717717,1.1746371,1.2800466,1.1739467,1.2793477,1.1747706
True,07/SEP/2014,-37.730732,145.2369,80,,2520881,2418884,True,True,False,False,299.2968,12.61,83.15,22.1865,1945.2333,1627.573,1.2717717,1.1746371,1.2800466,1.1739467,1.2793477,1.1747706
True,30/OCT/2017,-37.77459,141.45338,5,,2187631,2408223,False,True,False,True,272.4893,0.9171,72.3369,64.6631,2091.229,1217.3615,1.3362236,1.1642822,1.3138276,1.178054,1.3074666,1.1825691
True,30/OCT/2007,-37.38917,144.57389,150,,2462270,2456731,False,True,False,True,251.8984,25.5697,42.8586,69.4842,1500.5178,554.3227,1.2734444,1.0821155,1.2853315,1.0917962,1.3320608,1.112824
True,22/JAN/1999,-38.15472,147.42417,15,,2712460,2369144,False,True,False,True,268.6942,20.3059,67.6941,15.3235,1757.3612,1534.2477,1.262703,1.1766372,1.2633597,1.1796472,1.268399,1.1773531
True,21/JAN/1999,-38.15444,147.42222,15,,2712290,2369180,False,True,False,True,269.4618,19.5382,68.4616,14.5478,1847.6381,1652.8276,1.2688324,1.1858598,1.2593474,1.1829697,1.2636896,1.179998
True,13/OCT/1999,-38.07444,147.53028,15,,2721994,2377811,False,False,False,True,270.519,22.481,68.519,16.4396,1743.0192,1476.0128,1.2712598,1.1768345,1.2722392,1.1747286,1.2793238,1.1755688
True,15/SEP/1999,-38.10833,147.46639,15,,2716293,2374197,False,True,False,True,270.0318,21.9682,67.0318,15.9682,1676.6538,1438.973,1.264563,1.1799706,1.2574075,1.178628,1.259706,1.1790584
True,05/OCT/2000,-38.05639,147.55194,15,,2723948,2379763,False,False,False,True,268.8644,24.9098,66.6115,18.2383,1929.9713,1551.0084,1.2960654,1.1786824,1.2857246,1.1797578,1.1794078,1.0941722
True,05/SEP/2011,-37.4343,144.54619,5,,2459841,2451711,False,True,False,False,276.1439,13.5369,56.513,46.9015,2017.7687,1452.7064,1.2809145,1.1610574,1.3032978,1.1670736,1.3084334,1.1711249
True,29/SEP/2014,-37.615147,145.204466,30,,2518050,2431718,False,False,False,False,300.5351,10.0937,82.1321,21.3295,1849.004,1565.3577,1.2607745,1.174625,1.2522514,1.1714299,1.24765,1.1860597
True,17/NOV/2010,-38.146117,147.421077,6,,2712213,2370106,False,True,False,True,269.5525,19.4475,67.5913,14.4475,1642.4237,1538.4836,1.247893,1.1840985,1.2525094,1.1845222,1.2585322,1.1831948
True,09/OCT/2012,-38.146117,147.421077,6,,2712213,2370106,False,True,False,True,269.5525,19.4475,67.5913,14.4475,1642.4237,1538.4836,1.247893,1.1840985,1.2525094,1.1845222,1.2585322,1.1831948
True,08/OCT/2012,-38.146117,147.421077,6,,2712213,2370106,False,True,False,True,269.5525,19.4475,67.5913,14.4475,1642.4237,1538.4836,1.247893,1.1840985,1.2525094,1.1845222,1.2585322,1.1831948
True,25/NOV/2016,-38.102722,147.468663,2,,2716508,2374814,False,True,False,True,270.1242,21.8758,67.1242,15.8758,1744.7803,1582.765,1.2620133,1.182745,1.2670478,1.1793175,1.2669222,1.1788105
True,02/NOV/2017,-37.18028,142.31364,5,,2261515,2476630,False,True,False,True,305.3706,-0.119,65.119,53.8821,1745.2303,1747.7997,1.2378219,1.1924355,1.2391951,1.1921446,1.2353796,1.1900651
True,04/FEB/1999,-38.05417,141.25778,15,,2171632,2376556,False,True,False,True,261.2695,3.7308,81.2691,76.7308,2018.023,1235.5879,1.3267045,1.1635872,1.3284297,1.1638676,1.3193086,1.1586295
True,21/OCT/2004,-37.24889,141.38944,15,,2179790,2466309,False,False,False,False,293.366,-0.8223,64.0691,57.1675,1894.1622,1611.7588,1.2687199,1.1824071,1.2686894,1.1864297,1.2632582,1.1939577
True,09/DEC/1998,-38.07056,147.52556,15,,2721592,2378252,False,False,False,True,271.8189,22.1803,68.8197,15.2386,1830.4762,1484.6426,1.2857978,1.1796148,1.2809358,1.1755424,1.2791654,1.1732183
True,09/DEC/1998,-38.07083,147.52556,15,,2721591,2378222,False,False,False,True,271.7365,22.2066,68.7934,15.2111,1838.3157,1473.3896,1.2861934,1.1792272,1.2832835,1.1763818,1.2794298,1.1736965
True,21/JAN/1999,-38.15472,147.42278,15,,2712338,2369148,False,True,False,True,269.2057,19.7943,68.2057,14.795,1744.8195,1510.0206,1.2672409,1.1817496,1.2617517,1.1815277,1.2663451,1.1783282
True,17/FEB/1999,-38.06278,147.55778,15,,2724441,2379040,False,False,False,True,270.8818,22.1182,68.8818,16.1182,1869.4701,1417.44,1.2883906,1.166144,1.2880833,1.1658026,1.2397577,1.11848
True,11/MAY/1999,-38.05889,147.55583,15,,2724282,2379476,False,False,False,True,269.6445,23.5934,67.5676,17.4322,1947.9408,1695.6364,1.2839154,1.1840994,1.2802263,1.1805131,1.2482798,1.1457697
True,14/MAY/1999,-38.14972,147.42139,15,,2712231,2369706,False,True,False,True,269.3207,19.6793,68.1034,14.6793,1628.5846,1507.501,1.2523977,1.1852705,1.253535,1.1846417,1.2574048,1.1829503
True,13/OCT/1999,-38.10556,147.47722,15,,2717250,2374480,False,True,False,True,270.5214,21.4786,67.9285,15.4786,1643.7756,1436.4133,1.2612092,1.1815907,1.2551544,1.1796919,1.2613451,1.179371
True,14/JUN/1996,-37.66194,145.09778,15,,2508626,2426540,False,False,False,False,294.5576,15.3167,78.0353,19.8398,1941.6075,1500.9841,1.2819479,1.1692249,1.257332,1.175374,1.252561,1.1688207
True,08/OCT/2009,-38.37694,144.95806,50,,2496334,2347180,False,True,False,False,249.7751,19.0353,89.1924,75.7123,2199.715,1257.0262,1.3384416,1.1427591,1.3609436,1.1631641,1.3585818,1.1678435
True,31/AUG/2012,-37.5656,144.60722,100,,2465302,2437164,False,False,False,False,277.2913,13.583,62.2264,21.5859,1822.2678,1594.3248,1.2549212,1.1797203,1.2695183,1.1859341,1.2612585,1.1816206
True,16/MAY/2011,-38.02255,141.06205,100,,2154322,2379370,False,True,False,True,261.8834,-0.5766,83.7635,73.4649,1947.4703,1093.9589,1.3288554,1.1541009,1.332779,1.1581976,1.3439504,1.1510506
True,29/AUG/2016,-38.427917,145.536619,3,,2546864,2341389,False,False,False,False,264.711,22.3187,80.7745,64.6798,2156.7964,1338.7737,1.3364257,1.1661198,1.3354971,1.1763973,1.3368665,1.1747808
True,25/NOV/2016,-38.100187,147.469149,3,,2716558,2375094,False,False,False,True,270.4067,21.5932,67.4068,15.5932,1762.8944,1548.131,1.265954,1.178007,1.2792299,1.1751375,1.2704881,1.1789486
True,08/FEB/1999,-37.51083,141.12778,15,,2157779,2436353,False,True,False,True,286.9145,-3.3338,73.3338,60.6662,2112.3574,1677.3373,1.2956383,1.184683,1.2832168,1.185738,1.285532,1.182288
True,09/DEC/1998,-38.07,147.52639,15,,2721666,2378312,False,False,False,True,271.8114,22.1881,68.8119,15.3969,1823.9319,1517.1469,1.2768296,1.1760509,1.2774183,1.1744893,1.2782172,1.1733994
True,04/FEB/1999,-38.12611,147.45194,15,,2714975,2372257,False,True,False,True,267.8452,22.8335,65.7435,17.8335,1627.8639,1478.6401,1.25559,1.1863211,1.2584946,1.1841892,1.2606022,1.1810092
True,12/MAY/1999,-38.05917,147.55556,15,,2724257,2379446,False,False,False,True,269.6445,23.5934,67.5676,17.4322,1939.4587,1601.5015,1.2906394,1.1809345,1.2798228,1.1779299,1.2587156,1.1530523
True,11/OCT/1999,-38.10472,147.47806,15,,2717326,2374571,False,True,False,True,270.3522,21.6478,67.7425,15.6478,1621.8593,1441.711,1.2560143,1.1828622,1.2553247,1.180693,1.2617415,1.1793474
True,24/NOV/1999,-38.12583,147.44417,15,,2714295,2372306,False,True,False,True,270.3809,20.6191,67.3809,15.619,1632.4901,1515.9054,1.2502111,1.1835521,1.2499312,1.182368,1.2589728,1.1823385
True,17/MAY/2011,-38.09881,141.3335,100,,2178464,2371863,False,True,False,True,256.4738,5.3932,78.6279,83.08,1798.8926,1334.8151,1.285249,1.1754221,1.2884841,1.1744778,1.3079332,1.1688827
True,11/JAN/2012,-37.64239,141.4665,100,,2188242,2422928,False,False,False,False,293.2812,-9.2812,82.3036,44.7188,2431.0444,3133.7368,1.2039455,1.197542,1.2071439,1.1962823,1.2129394,1.1973039
True,23/DEC/2011,-37.6716,141.851,100,,2222260,2420878,False,False,False,False,289.1273,-4.7977,76.7976,41.2023,2038.9602,1980.6777,1.2580881,1.1990731,1.2286443,1.2008789,1.221554,1.2056317
True,02/DEC/2008,-37.239934,142.297056,10,,2260231,2469972,False,True,False,True,283.613,10.864,53.1558,74.109,1928.3268,1450.0802,1.2892619,1.180263,1.2839359,1.1768318,1.2611285,1.1664348
True,03/APR/2002,-37.6025,142.32917,15,,2264207,2429833,False,True,False,True,294.1048,-4.0677,75.1344,30.8655,2141.7546,1983.1323,1.2689903,1.1884017,1.268579,1.1898127,1.263155,1.1795028
True,24/NOV/1999,-36.74778,147.19556,50,,2696028,2525725,False,True,False,True,308.0981,30.7988,48.5953,139.7107,2202.1338,1396.3916,1.3279554,1.1652874,1.3258066,1.1646231,1.3199737,1.1588838
True,04/FEB/1999,-38.12639,147.45167,15,,2714951,2372226,False,True,False,True,267.8452,22.8335,65.7435,17.8335,1740.3668,1522.0039,1.2717259,1.1865003,1.2618408,1.1841681,1.2624708,1.1804967
True,12/MAY/1999,-38.05861,147.55611,15,,2724307,2379507,False,False,False,True,269.7068,23.9216,67.698,17.2998,2007.4371,1799.3229,1.2826475,1.185971,1.2776049,1.1816124,1.2478875,1.1450031
True,14/OCT/1999,-38.07444,147.53111,15,,2722067,2377809,False,False,False,True,270.4395,22.5605,68.4395,16.5604,1723.3773,1459.1553,1.2696575,1.1761353,1.2702303,1.1756669,1.2790967,1.1752217
True,14/OCT/1999,-38.07472,147.53139,15,,2722091,2377777,False,False,False,True,270.4395,22.5605,68.4395,16.5604,1771.915,1503.1841,1.2738593,1.1781352,1.2717098,1.1758994,1.2803165,1.1749057
True,17/SEP/1999,-38.10611,147.47667,15,,2717201,2374420,False,True,False,True,270.6584,21.3416,67.9415,15.3416,1650.3296,1459.6398,1.2589649,1.182002,1.255838,1.1786273,1.2611068,1.179454
True,27/OCT/1999,-38.05583,147.55306,15,,2724048,2379822,False,False,False,True,269.8957,24.0599,67.4512,17.1086,1870.7662,1517.9164,1.2897288,1.1785419,1.2855691,1.181648,1.1823887,1.0967022
True,25/OCT/1999,-38.05556,147.55222,15,,2723975,2379854,False,False,False,True,269.0898,24.7825,66.7734,18.0031,1881.762,1538.9031,1.290486,1.1805497,1.2791585,1.1692114,1.1634995,1.0822723
True,23/NOV/1999,-38.12667,147.44417,15,,2714292,2372212,False,True,False,True,270.2516,20.7205,67.2798,15.7205,1633.6721,1509.3154,1.2519318,1.184216,1.2509166,1.1823394,1.2595068,1.1821079
True,07/DEC/2000,-38.12333,147.46583,15,,2716201,2372534,False,True,False,True,269.4515,20.5485,68.4516,15.5484,1709.0356,1490.2803,1.2642503,1.1801189,1.2654061,1.1808841,1.2649739,1.1687294
True,02/FEB/1996,-37.63861,145.11194,15,,2509879,2429128,False,False,False,False,296.0594,12.6353,80.0089,18.659,2020.3511,2181.6052,1.2378759,1.1916249,1.2343272,1.1842294,1.2504091,1.1803131
True,22/FEB/2012,-38.65326,146.21373,100,,2605677,2315828,False,False,False,False,264.5847,25.614,88.7043,73.1442,2397.1663,1253.6274,1.3902912,1.1610794,1.3960314,1.1838737,1.3976924,1.1862237
True,09/OCT/2014,-37.638066,145.340512,30,,2530051,2429140,False,True,False,False,293.1016,20.4031,80.4303,40.5736,1927.0433,1327.0901,1.2945718,1.1610539,1.2922559,1.17117,1.2919058,1.1664835
True,09/OCT/2014,-37.638066,145.340512,30,,2530051,2429140,False,True,False,False,293.1016,20.4031,80.4303,40.5736,1927.0433,1327.0901,1.2945718,1.1610539,1.2922559,1.17117,1.2919058,1.1664835
True,10/SEP/2014,-36.889948,143.274788,10,,2346246,2510818,False,True,False,True,309.2239,-4.7267,62.7361,40.5988,1919.4657,1747.3777,1.2505691,1.1854016,1.2525461,1.1794641,1.2475684,1.1789489
True,07/SEP/2016,-37.35288,142.030842,3,,2237014,2456741,False,True,False,True,309.1064,-13.1064,78.1064,31.2831,1862.5978,2075.7048,1.2278897,1.2057368,1.2350054,1.2064432,1.2362366,1.2064261
True,31/OCT/2017,-38.06863,141.2735,5,,2173074,2375006,False,True,False,True,260.4325,3.5668,81.4191,77.8418,2158.0884,1173.0083,1.3453648,1.1469679,1.3560011,1.1469908,1.3529154,1.1452104
True,10/OCT/2017,-36.10333,147.45878,50,,2721371,2596632,False,True,False,True,326.503,7.0245,55.0466,67.3883,1965.087,1343.0709,1.3008802,1.1656073,1.2915367,1.1649044,1.2970443,1.1722324
True,07/JAN/1999,-37.76167,141.48833,15,,2190655,2409770,False,True,False,True,271.9744,3.0256,70.0255,65.0256,1922.6721,1409.9099,1.2920064,1.1736135,1.3122776,1.1682105,1.3218966,1.1668047
True,19/JAN/1999,-37.00639,141.79778,15,,2215085,2494498,False,False,False,False,312.0529,-6.0544,65.536,34.9456,1795.7233,2266.6255,1.2004845,1.2073205,1.1894652,1.2042989,1.1853904,1.201131
True,23/FEB/1999,-37.58306,141.27528,15,,2171122,2428864,False,True,False,True,283.074,-0.9333,72.0744,59.9256,1772.9371,1643.2992,1.258129,1.1883265,1.2560161,1.1838692,1.272962,1.1818401
True,19/DEC/2008,-37.68222,145.30778,15,,2527147,2424250,False,False,False,False,289.5317,21.942,77.6665,39.3756,1926.5461,1764.4646,1.205907,1.1231993,1.20875,1.1212367,1.2155323,1.1234454
True,03/FEB/1999,-38.12583,147.4525,15,,2715025,2372287,False,True,False,True,267.4224,23.0308,65.4888,18.0308,1682.8566,1477.5542,1.2645316,1.1832379,1.2606336,1.1844832,1.2609117,1.1805842
True,20/MAR/1999,-38.1225,147.46667,15,,2716277,2372624,False,True,False,True,269.5018,20.4982,68.5018,15.4982,1728.3315,1493.3514,1.2629453,1.1795129,1.2655083,1.1799145,1.2644968,1.1679397
True,14/MAY/1999,-38.15,147.42167,15,,2712254,2369674,False,True,False,True,269.3589,19.6412,68.2811,14.6412,1607.1915,1501.8525,1.2489947,1.1852714,1.2537587,1.1843491,1.2573563,1.1828212
True,15/MAY/1999,-38.15111,147.42194,15,,2712275,2369550,False,True,False,True,269.412,19.588,68.3991,14.588,1638.6664,1496.6007,1.2543441,1.183444,1.2546704,1.1832744,1.2582259,1.182334
True,15/SEP/1999,-38.10833,147.46667,15,,2716317,2374197,False,True,False,True,270.0318,21.9682,67.0318,15.9682,1676.6538,1438.973,1.264563,1.1799706,1.2574075,1.178628,1.259706,1.1790584
True,12/OCT/1999,-38.10611,147.47722,15,,2717249,2374419,False,True,False,True,270.6584,21.3416,67.9415,15.3416,1650.3296,1459.6398,1.2589649,1.182002,1.255838,1.1786273,1.2611068,1.179454
True,27/OCT/1999,-38.05639,147.55306,15,,2724046,2379760,False,False,False,True,269.5986,24.3222,67.1975,17.402,1870.7662,1517.9164,1.2897288,1.1785419,1.2855691,1.181648,1.1823887,1.0967022
True,01/JAN/1996,-37.63778,145.11889,15,,2510492,2429219,False,False,False,False,292.4465,14.7197,78.3998,22.4318,1924.5413,1861.7366,1.2474552,1.1862367,1.2453743,1.1852875,1.2460599,1.1828972
True,15/JUN/2011,-36.86362,147.61218,100,,2732865,2511937,False,True,False,True,278.1347,27.2887,27.1277,65.5839,2067.3315,1309.3224,1.3184106,1.1624722,1.3166323,1.1559926,1.3202001,1.1580174
True,18/APR/2011,-38.00393,147.56613,100,,2725350,2385550,False,False,False,True,273.8983,22.7448,68.2616,15.7384,1735.5504,1472.9979,1.2746124,1.1827854,1.2743276,1.1796732,1.2914351,1.1769557
True,14/JUN/2011,-36.77483,147.6859,100,,2739713,2521602,False,True,False,True,289.8894,24.3667,34.2932,83.1356,2128.2317,1527.5276,1.3111994,1.174812,1.3112925,1.1678336,1.3135242,1.1665529
True,07/JUL/2011,-38.05024,144.13824,100,,2424361,2383105,False,False,False,False,286.9522,-6.7821,84.7821,6.2179,2041.9032,2140.0793,1.2425057,1.1921524,1.2400588,1.1914697,1.2438698,1.1932667
True,02/SEP/2014,-37.70184,145.285837,175,,2525205,2422078,False,True,False,False,293.1936,17.8109,79.8142,31.8292,1888.1943,1368.9814,1.2907238,1.1692201,1.2771534,1.1654143,1.2707323,1.173923
True,30/SEP/2014,-37.209095,144.21212,8,,2430072,2476508,False,True,False,True,303.3764,-2.6073,61.1067,39.2945,1966.4873,1667.8455,1.2688259,1.1825346,1.2661221,1.185984,1.2663776,1.1815656
True,02/NOV/2017,-37.17939,142.36821,5,,2266355,2476864,False,True,False,True,305.7296,1.6089,65.7296,59.2689,1919.745,1685.0446,1.266683,1.1922289,1.2622403,1.1882898,1.2531459,1.1916189
True,25/JAN/1999,-36.92694,141.18806,15,,2160510,2501309,False,False,False,False,307.796,-2.786,67.7855,47.2137,1811.9972,2270.1245,1.1985012,1.204625,1.1998005,1.2035269,1.2044601,1.1993042
True,09/DEC/1998,-38.07167,147.52556,15,,2721589,2378129,False,False,False,True,271.4619,22.2693,68.7307,15.291,1825.0133,1476.9191,1.2850635,1.1796744,1.2847694,1.1767738,1.2798866,1.1742038
True,01/FEB/1999,-38.15556,147.42389,15,,2712433,2369052,False,False,False,True,268.958,20.042,67.958,15.042,1731.4827,1447.065,1.2712017,1.1796387,1.263401,1.1791983,1.2684191,1.1770247
True,12/MAY/1999,-38.05944,147.55472,15,,2724183,2379418,False,False,False,True,269.91,23.239,67.764,17.236,1889.7238,1578.0049,1.2804782,1.1771404,1.2825791,1.1758243,1.2596372,1.1542425
True,14/OCT/1999,-38.07583,147.53167,15,,2722112,2377653,False,False,False,True,270.4011,22.5989,68.4011,16.5989,1764.96,1499.1835,1.273715,1.1774508,1.2732636,1.1757718,1.2812675,1.1741793
True,12/OCT/1999,-38.105,147.47806,15,,2717326,2374540,False,True,False,True,270.3909,21.6091,68.0404,15.6091,1621.8593,1441.711,1.2560143,1.1828622,1.2553247,1.180693,1.2617415,1.1793474
True,05/OCT/2000,-38.05639,147.55139,15,,2723900,2379764,False,False,False,True,268.7036,25.0635,66.2589,18.6901,1970.1348,1748.3187,1.2778201,1.1836265,1.2855154,1.1761652,1.1762445,1.0915909
True,03/MAY/2011,-37.14661,142.19247,100,,2250650,2480054,False,True,False,True,305.6923,-1.0457,63.6923,46.6052,1725.0195,1813.1566,1.2301584,1.198848,1.2311852,1.2016966,1.2259126,1.2086078
True,15/JUN/2011,-36.85073,147.62123,100,,2733711,2513345,False,True,False,True,288.9007,24.0902,33.8374,69.9024,2145.1455,1559.4652,1.3181545,1.1804372,1.3100333,1.1780554,1.3134862,1.1710793
True,13/APR/2011,-36.9128,144.189,100,,2427740,2509367,False,False,False,False,320.6414,-6.6334,62.6334,23.3552,2128.04,2479.8152,1.215752,1.195393,1.1951504,1.2049783,1.1884699,1.202696
True,08/OCT/2012,-38.146117,147.421077,6,,2712213,2370106,False,True,False,True,269.5525,19.4475,67.5913,14.4475,1642.4237,1538.4836,1.247893,1.1840985,1.2525094,1.1845222,1.2585322,1.1831948
True,11/OCT/2011,-37.39152,142.232292,10,,2254976,2452992,False,True,False,True,281.7409,8.5446,57.5615,64.9693,1933.2035,1436.3384,1.2895755,1.1763934,1.2825725,1.1701481,1.2823572,1.1606743
True,08/JAN/1999,-37.76083,141.42778,15,,2185320,2409665,False,False,False,True,271.6611,1.6866,71.3314,66.6147,1944.2897,1240.1649,1.3117342,1.1661524,1.3143946,1.1702368,1.3178761,1.1731669
True,30/OCT/1996,-36.82111,145.48194,15,,2542992,2519740,False,False,False,False,325.9363,-1.0881,68.0881,34.7878,2243.3823,2175.7273,1.2488111,1.1791297,1.2053968,1.1907227,1.1993617,1.1922617
True,09/DEC/1998,-38.07139,147.52611,15,,2721638,2378159,False,False,False,True,271.6831,22.2029,68.7971,15.2116,1815.8391,1454.7354,1.2834439,1.1776688,1.2820529,1.1751684,1.2792311,1.1744425
True,19/JAN/1999,-38.07056,147.5175,15,,2720885,2378271,False,False,False,True,271.4984,22.5017,68.4983,15.5017,1712.5878,1306.7522,1.2727408,1.1594431,1.2816583,1.1638957,1.2882305,1.1711944
True,01/FEB/1999,-38.15556,147.4225,15,,2712311,2369055,False,False,False,True,269.1413,19.8587,68.1413,14.86,1733.9325,1484.482,1.2669044,1.1807518,1.2628127,1.1803912,1.2675933,1.1775563
True,15/SEP/1999,-38.10889,147.46667,15,,2716316,2374134,False,True,False,True,270.3384,21.6616,67.3384,15.6616,1676.6538,1438.973,1.264563,1.1799706,1.2574075,1.178628,1.259706,1.1790584
True,04/OCT/2000,-38.18139,147.38361,15,,2708832,2366275,False,False,False,True,268.9893,18.7331,68.2669,14.7331,1735.5154,1524.1467,1.2680744,1.1845107,1.2648748,1.1864872,1.2703787,1.1856663
True,07/DEC/2000,-38.12389,147.46722,15,,2716321,2372469,False,True,False,True,269.1975,20.8025,68.1975,15.8025,1726.8486,1500.344,1.2659966,1.181447,1.2683667,1.1802475,1.2603143,1.1603278
True,07/DEC/2000,-38.12389,147.46722,15,,2716321,2372469,False,True,False,True,269.1975,20.8025,68.1975,15.8025,1726.8486,1500.344,1.2659966,1.181447,1.2683667,1.1802475,1.2603143,1.1603278
True,19/JAN/1995,-36.83083,147.71806,15,,2742405,2515310,False,True,False,True,294.9814,17.77,39.1966,67.3867,1973.271,1413.4852,1.2924904,1.1725504,1.2828119,1.1663173,1.2803515,1.1548657
True,02/OCT/2012,-37.6875,145.30095,5,,2526542,2423666,False,True,False,False,292.3853,18.8437,80.0384,35.1347,1831.9805,1561.1329,1.2627866,1.1760391,1.2735153,1.1707993,1.273041,1.1648799
True,03/OCT/2012,-37.7026,145.29066,5,,2525630,2421993,False,True,False,False,299.8608,11.3156,83.3996,22.4848,1670.3533,1289.9764,1.2533854,1.155269,1.2673904,1.1636183,1.2684422,1.1767572
True,24/SEP/2015,-37.654356,145.297834,30,,2526279,2427345,False,True,False,False,290.9197,20.5244,78.3559,37.985,1922.5828,1735.6471,1.2654871,1.1901156,1.2737957,1.1860352,1.2736555,1.1750398
True,30/SEP/2014,-37.217115,144.215554,7,,2430385,2475621,False,True,False,True,300.5613,-0.3678,59.156,42.4599,1933.6975,1700.2498,1.2612174,1.1878266,1.2661963,1.181518,1.2671254,1.1808405
True,02/NOV/2017,-37.17939,142.36821,5,,2266355,2476864,False,True,False,True,305.7296,1.6089,65.7296,59.2689,1919.745,1685.0446,1.266683,1.1922289,1.2622403,1.1882898,1.2531459,1.1916189
True,31/OCT/2017,-38.15514,141.2903,5,,2174921,2365469,False,True,False,True,250.6205,6.5616,78.5668,88.4529,2159.046,1129.6232,1.3491765,1.1450641,1.3369484,1.150211,1.3319615,1.1562717
